first_name,last_name,age,email,phone_number,gender
Renate,Veel,62,rveel0@ow.ly,964-706-3299,Female
Heddie,Clulee,49,hclulee1@technorati.com,521-829-6651,Female
Elayne,Ledrane,80,eledrane2@imdb.com,267-747-0591,Female
Beryl,Clack,30,bclack3@archive.org,601-825-5721,Female
Denny,Berntsson,21,dberntsson4@seesaa.net,684-385-3861,Female
Lydon,Di Pietro,67,ldipietro5@bloglovin.com,327-814-6633,Male
Kristan,Dodshun,83,kdodshun6@soundcloud.com,935-574-3676,Genderfluid
Averell,Vaskov,44,avaskov7@instagram.com,455-496-0898,Male
Fabian,Michiel,69,fmichiel8@wiley.com,992-118-4340,Genderqueer
Mel,Ellery,18,mellery9@oracle.com,639-660-6519,Female
Denys,Sewards,82,dsewardsa@sina.com.cn,603-838-4847,Male
Lulita,Kunat,53,lkunatb@theguardian.com,893-706-2765,Female
Cullin,Sivills,30,csivillsc@discuz.net,693-542-5665,Genderfluid
Dwight,Myerscough,47,dmyerscoughd@trellian.com,568-570-2664,Male
Rycca,Ayers,47,rayerse@posterous.com,796-150-9860,Female
Jock,Ca,30,jcaf@hud.gov,247-445-7806,Male
Jasper,Blatchford,51,jblatchfordg@wsj.com,739-843-2870,Polygender
Jillana,Call,29,jcallh@netscape.com,379-644-8818,Female
Beverlee,Yeowell,63,byeowelli@oracle.com,344-862-2855,Female
Estrellita,Hum,51,ehumj@unesco.org,227-269-0830,Female
Kassie,Idle,75,kidlek@dailymail.co.uk,700-979-3613,Female
Remus,Fallen,22,rfallenl@accuweather.com,386-853-8236,Male
Sergent,Brain,79,sbrainm@guardian.co.uk,553-311-5822,Genderfluid
Bernard,Saywood,76,bsaywoodn@hostgator.com,915-545-9307,Male
Bekki,Klamman,21,bklammano@mozilla.com,744-871-7983,Female
Hersch,Batrick,21,hbatrickp@engadget.com,744-538-2702,Male
Gordie,Herion,78,gherionq@linkedin.com,738-210-5794,Male
Kassia,Everil,40,keverilr@woothemes.com,353-805-6633,Female
Aubine,Wederell,42,awederells@unc.edu,484-853-3068,Genderfluid
Brinn,Cloy,52,bcloyt@pen.io,854-830-6928,Genderqueer
Kermie,Ashman,81,kashmanu@pbs.org,246-564-7233,Male
Carlotta,Leve,79,clevev@wordpress.org,636-708-0300,Female
Aaren,Merricks,57,amerricksw@loc.gov,879-517-2658,Female
Nobe,Phillimore,21,nphillimorex@hugedomains.com,741-290-0588,Male
Diana,Stedell,81,dstedelly@mlb.com,737-324-7690,Non-binary
Oliver,Chaudrelle,76,ochaudrellez@nhs.uk,623-904-2255,Genderfluid
Birk,Charrier,18,bcharrier10@wikispaces.com,272-708-8377,Male
Adan,Stewartson,56,astewartson11@washington.edu,865-126-1987,Female
Marc,Celloni,82,mcelloni12@flavors.me,364-760-9810,Male
Cos,Beddow,38,cbeddow13@princeton.edu,521-125-2205,Male
Rani,Dreinan,59,rdreinan14@cocolog-nifty.com,260-313-3430,Female
Luz,Cardinale,22,lcardinale15@aol.com,679-741-5586,Female
Renata,Smye,56,rsmye16@loc.gov,536-510-7649,Female
Lina,Thurnham,69,lthurnham17@wikimedia.org,922-563-9709,Female
Ileana,Kittredge,62,ikittredge18@ihg.com,255-520-7010,Female
Arlene,Eate,35,aeate19@soundcloud.com,608-431-6193,Female
Janis,McMickan,25,jmcmickan1a@ihg.com,287-236-3587,Female
Burgess,Berriball,70,bberriball1b@huffingtonpost.com,178-900-4969,Male
Durante,Josephsen,34,djosephsen1c@sourceforge.net,496-909-7741,Male
Delmar,Aggiss,21,daggiss1d@nymag.com,142-692-4079,Male
Nicola,Hearle,50,nhearle1e@webmd.com,815-198-8265,Female
Merralee,Tumpane,62,mtumpane1f@is.gd,673-168-6542,Female
Kerr,Earngy,63,kearngy1g@youku.com,686-788-2423,Male
Cassius,Cleyne,84,ccleyne1h@marriott.com,553-822-1534,Male
Esmeralda,Glendenning,70,eglendenning1i@purevolume.com,835-143-2799,Genderfluid
Earlie,St. John,57,estjohn1j@thetimes.co.uk,462-636-4421,Male
Ayn,Jasiak,53,ajasiak1k@salon.com,283-343-7503,Female
Dalenna,Baroc,33,dbaroc1l@xing.com,318-114-7472,Female
Rainer,Gheraldi,40,rgheraldi1m@moonfruit.com,846-885-4784,Polygender
Cherilynn,Quinnell,40,cquinnell1n@hexun.com,679-554-7440,Female
Janine,McCullogh,61,jmccullogh1o@mac.com,213-995-4024,Female
Diego,Tidswell,38,dtidswell1p@harvard.edu,940-585-7718,Male
Fernande,Togwell,83,ftogwell1q@blog.com,914-870-4850,Female
Roseanna,Fegan,84,rfegan1r@google.fr,828-179-8565,Female
Harli,Longman,77,hlongman1s@cdbaby.com,324-389-8412,Female
Trevar,Chaffer,74,tchaffer1t@tiny.cc,442-587-9415,Male
Teressa,Wevell,51,twevell1u@blogs.com,477-657-7244,Female
Teresita,Kleyn,75,tkleyn1v@i2i.jp,346-888-4109,Female
Hallie,Cecely,31,hcecely1w@reddit.com,180-720-8896,Female
Farr,Lancley,34,flancley1x@people.com.cn,935-132-1698,Male
Skelly,Clarage,84,sclarage1y@rakuten.co.jp,642-224-7684,Male
Dyanne,Doust,42,ddoust1z@feedburner.com,615-626-6718,Female
Dolores,Wolffers,42,dwolffers20@independent.co.uk,706-421-3267,Female
Morlee,Withrington,49,mwithrington21@wordpress.com,407-916-7744,Male
Richard,Sendley,67,rsendley22@ezinearticles.com,567-363-7146,Male
Stefanie,Laye,37,slaye23@exblog.jp,209-485-2584,Female
Rianon,Ault,30,rault24@cargocollective.com,461-130-7911,Female
Brandie,Wison,27,bwison25@newsvine.com,833-277-8323,Female
Mikael,Brouard,84,mbrouard26@weather.com,227-838-3561,Non-binary
Elke,Lissemore,63,elissemore27@google.it,258-406-8084,Female
Lanita,Willetts,42,lwilletts28@example.com,633-817-7624,Female
Wrennie,Cardozo,71,wcardozo29@1und1.de,786-899-7226,Female
Hermia,Orcott,78,horcott2a@aol.com,598-352-8493,Female
Chantalle,Bembrigg,54,cbembrigg2b@reference.com,685-374-5614,Female
Malvina,Vayro,55,mvayro2c@biblegateway.com,783-459-6877,Female
Ximenes,Blindmann,74,xblindmann2d@google.de,554-885-1474,Male
Natalie,Hallen,25,nhallen2e@surveymonkey.com,560-822-1010,Female
Davy,McKee,63,dmckee2f@rediff.com,251-936-3032,Male
Nigel,Najara,69,nnajara2g@nymag.com,400-488-2039,Male
Augustina,McIlvaney,72,amcilvaney2h@aboutads.info,915-708-8923,Non-binary
Buddy,Basilio,69,bbasilio2i@ihg.com,610-235-6490,Male
Emmit,Boas,23,eboas2j@gnu.org,839-192-7740,Male
Maison,Faraday,31,mfaraday2k@hatena.ne.jp,451-214-2527,Male
Allina,Coverlyn,63,acoverlyn2l@examiner.com,614-305-0014,Female
Jaquenetta,Nucciotti,59,jnucciotti2m@state.tx.us,531-602-5963,Female
Avram,Van Eeden,50,avaneeden2n@tinyurl.com,259-928-3190,Male
Koren,Empson,71,kempson2o@bravesites.com,845-699-2670,Female
Brendin,Stallan,30,bstallan2p@dot.gov,206-939-5738,Male
Brynna,McJerrow,41,bmcjerrow2q@bigcartel.com,140-430-0292,Female
Pattie,McNae,49,pmcnae2r@nba.com,826-358-8466,Female
Gayel,Franceschelli,37,gfranceschelli2s@miibeian.gov.cn,645-201-8949,Female
Annabal,Symonds,37,asymonds2t@ucsd.edu,241-873-1424,Female
Dani,Gurnett,55,dgurnett2u@ebay.com,877-426-7077,Female
Avram,Paramore,56,aparamore2v@jigsy.com,630-769-6557,Male
Dallon,Lowrance,47,dlowrance2w@umn.edu,763-333-4380,Male
Jannel,Sherbrooke,46,jsherbrooke2x@whitehouse.gov,655-161-3227,Female
Taylor,Neathway,45,tneathway2y@yahoo.com,505-186-3937,Male
Gabey,Houseago,32,ghouseago2z@smugmug.com,474-355-9899,Female
Eleonora,Valintine,28,evalintine30@wufoo.com,807-404-1322,Female
Jarrett,Jezzard,24,jjezzard31@freewebs.com,384-370-9922,Non-binary
Vick,Cherry Holme,81,vcherryholme32@yolasite.com,361-956-8134,Male
Concordia,Diamond,75,cdiamond33@drupal.org,645-173-8648,Female
Elyn,Callcott,38,ecallcott34@theguardian.com,442-891-0516,Female
Aldon,Dalgardno,80,adalgardno35@mediafire.com,656-331-6321,Male
Freddy,Laherty,20,flaherty36@bing.com,890-711-9512,Female
Dix,Plews,48,dplews37@ocn.ne.jp,480-169-1957,Female
Ludovika,Prover,29,lprover38@sun.com,198-443-5496,Bigender
Raquel,Anfosso,70,ranfosso39@scribd.com,980-752-2352,Bigender
Fabio,McCague,70,fmccague3a@topsy.com,874-777-5798,Male
Elroy,Wilkisson,22,ewilkisson3b@gravatar.com,686-340-9847,Male
Gail,Rubert,75,grubert3c@wordpress.com,886-128-2487,Male
Carlin,Bathoe,58,cbathoe3d@microsoft.com,265-483-2021,Female
Durant,Penhalurick,37,dpenhalurick3e@samsung.com,893-577-1070,Male
Zea,Mowsdill,61,zmowsdill3f@sourceforge.net,716-333-0156,Female
Stillmann,Davitashvili,19,sdavitashvili3g@nhs.uk,738-349-8384,Male
Gaspar,Perrin,62,gperrin3h@squarespace.com,216-420-0431,Male
Neddy,Isenor,76,nisenor3i@nymag.com,419-961-5876,Male
Bartlet,Klehn,84,bklehn3j@ftc.gov,340-848-0696,Male
Lori,Robley,74,lrobley3k@pcworld.com,383-697-5281,Female
Chad,Favelle,60,cfavelle3l@amazon.co.jp,308-809-3907,Male
Cele,Woloschin,30,cwoloschin3m@istockphoto.com,660-392-9113,Female
Emmanuel,Killigrew,30,ekilligrew3n@goodreads.com,363-984-0776,Male
Flynn,Killock,51,fkillock3o@sciencedirect.com,506-234-8103,Male
Golda,Seymour,24,gseymour3p@blogtalkradio.com,397-598-4439,Female
Meredithe,Schuricke,61,mschuricke3q@google.fr,632-360-6229,Non-binary
Zacharie,Brahan,59,zbrahan3r@reference.com,683-667-0054,Male
Jdavie,Laxtonne,37,jlaxtonne3s@upenn.edu,468-159-8546,Male
Larisa,Ellick,43,lellick3t@yandex.ru,969-601-0818,Female
Norine,Mosedill,49,nmosedill3u@independent.co.uk,554-712-0020,Female
Sibby,McNern,42,smcnern3v@huffingtonpost.com,871-214-8019,Female
Erina,Queyeiro,73,equeyeiro3w@chronoengine.com,286-497-1177,Female
Weidar,Siaskowski,38,wsiaskowski3x@bandcamp.com,914-148-1436,Male
Dudley,Skully,81,dskully3y@craigslist.org,448-462-0287,Male
Electra,Toun,45,etoun3z@wikia.com,588-380-6308,Female
Lavinia,Cranefield,79,lcranefield40@businesswire.com,527-167-9231,Female
Goldia,Nayshe,63,gnayshe41@un.org,876-148-7409,Female
Kenny,Hallad,54,khallad42@cbc.ca,162-452-7009,Male
Jasmin,Kesteven,34,jkesteven43@vimeo.com,323-409-6473,Polygender
Bekki,Nannetti,60,bnannetti44@pagesperso-orange.fr,896-615-7941,Female
Margalit,Mussetti,30,mmussetti45@unc.edu,307-884-3478,Female
Griselda,Flint,81,gflint46@360.cn,171-603-2348,Female
Reginald,Matevosian,85,rmatevosian47@reference.com,100-727-5440,Male
Brenn,Perott,38,bperott48@youku.com,746-981-0297,Female
Ragnar,Pelzer,30,rpelzer49@mtv.com,996-502-0300,Male
Tamarra,MacIlhagga,75,tmacilhagga4a@cnn.com,630-216-4456,Female
Tedda,Rainer,55,trainer4b@wikipedia.org,653-387-8638,Female
Darrelle,Kidney,66,dkidney4c@behance.net,174-214-4349,Female
Florella,Bothen,29,fbothen4d@umich.edu,328-850-0604,Female
Clarissa,Khoter,22,ckhoter4e@aboutads.info,429-833-9985,Female
Jedidiah,Halsted,37,jhalsted4f@cnn.com,356-458-0772,Male
Woodman,D'Costa,59,wdcosta4g@infoseek.co.jp,991-791-8199,Male
Bevin,Dyball,79,bdyball4h@google.com.br,582-869-9987,Male
Tonia,Stalf,78,tstalf4i@mac.com,125-179-6988,Female
Otis,Giurio,66,ogiurio4j@europa.eu,848-569-5175,Male
Kalinda,Braznell,73,kbraznell4k@wisc.edu,535-393-4290,Genderfluid
Leanor,Worsalls,66,lworsalls4l@networkadvertising.org,688-581-5393,Female
Marylin,Tincey,62,mtincey4m@redcross.org,853-476-7034,Female
Arvy,Potbury,45,apotbury4n@accuweather.com,325-817-7908,Male
Sam,Dillon,29,sdillon4o@amazon.co.uk,696-181-8453,Male
Cecilia,Howood,30,chowood4p@istockphoto.com,814-723-0011,Female
Tybalt,Jedrys,72,tjedrys4q@hexun.com,456-876-9255,Agender
Dennison,Creyke,81,dcreyke4r@sfgate.com,365-887-4680,Male
Morty,Starmore,64,mstarmore4s@bandcamp.com,845-453-9309,Male
Errol,Orpwood,60,eorpwood4t@oaic.gov.au,752-143-2332,Male
Deeanne,Barnhill,19,dbarnhill4u@unicef.org,453-603-9507,Female
Dulcia,Hadgkiss,33,dhadgkiss4v@xinhuanet.com,786-886-0016,Female
Zaneta,Blaymires,57,zblaymires4w@businessinsider.com,460-183-0007,Female
Olva,Gladdifh,77,ogladdifh4x@washington.edu,728-725-4668,Female
Kristin,Penas,55,kpenas4y@nhs.uk,188-148-7844,Female
Halley,McPike,35,hmcpike4z@ox.ac.uk,869-233-1488,Genderfluid
Lola,Halse,84,lhalse50@washingtonpost.com,809-786-0031,Female
Archibald,Carley,18,acarley51@google.pl,596-715-1022,Male
Kameko,Pine,49,kpine52@tamu.edu,214-792-1402,Female
Carlin,Eagar,51,ceagar53@mail.ru,424-405-5254,Male
Bud,Ferras,79,bferras54@hubpages.com,401-945-1364,Male
Ardelis,Pechard,67,apechard55@fotki.com,289-801-9496,Female
Jeremy,Prisk,58,jprisk56@google.co.jp,981-315-7229,Male
Petronella,Dedmam,40,pdedmam57@e-recht24.de,815-350-8701,Female
Eleonora,Woodhouse,70,ewoodhouse58@slate.com,169-439-6408,Polygender
Kayne,Penquet,74,kpenquet59@cloudflare.com,222-186-0282,Male
Ben,Dragon,63,bdragon5a@digg.com,205-536-5123,Male
Hans,Whanstall,81,hwhanstall5b@myspace.com,714-667-7749,Male
Kailey,Frango,38,kfrango5c@fotki.com,292-945-4807,Female
Basil,Cathery,39,bcathery5d@wikimedia.org,549-829-7918,Male
Christoper,Paling,76,cpaling5e@wikispaces.com,562-640-3582,Male
Jeanne,Flament,21,jflament5f@g.co,331-911-4427,Polygender
Shanon,Torres,82,storres5g@ameblo.jp,600-298-7698,Female
Blakeley,Girkins,20,bgirkins5h@hibu.com,214-909-5962,Female
Geordie,Alpin,41,galpin5i@wikimedia.org,714-103-1758,Polygender
Lezlie,Skouling,51,lskouling5j@topsy.com,404-756-5290,Female
Cammi,Clowney,64,cclowney5k@instagram.com,873-387-6820,Bigender
Delainey,Vannoort,40,dvannoort5l@disqus.com,613-887-8554,Male
Jocko,Nassau,70,jnassau5m@mashable.com,500-280-3288,Polygender
Giacopo,Blaschek,65,gblaschek5n@mail.ru,254-765-4087,Male
Tiphanie,Wozencraft,29,twozencraft5o@theglobeandmail.com,281-774-2356,Female
Camey,Dinse,37,cdinse5p@xing.com,527-233-4354,Male
Bevon,Bednall,29,bbednall5q@so-net.ne.jp,810-555-0778,Male
Alastair,Roney,19,aroney5r@flavors.me,259-525-9760,Male
Claiborn,McNickle,37,cmcnickle5s@columbia.edu,368-894-3365,Male
Ivor,Nucator,71,inucator5t@chicagotribune.com,767-992-6179,Male
Piotr,Sabie,52,psabie5u@squarespace.com,805-125-6616,Male
Uriel,Questier,67,uquestier5v@amazonaws.com,565-617-2475,Male
Amber,Kulver,37,akulver5w@bloglovin.com,916-974-7192,Female
Melania,Cornewell,78,mcornewell5x@nydailynews.com,713-383-7270,Female
Valencia,Crone,49,vcrone5y@hao123.com,351-292-4217,Female
Dorri,Erickson,82,derickson5z@google.it,588-440-5939,Female
Jackelyn,Weine,62,jweine60@woothemes.com,863-736-1994,Female
Gussie,Lockier,46,glockier61@blogger.com,322-627-6889,Female
Bonny,Itzakson,77,bitzakson62@squarespace.com,630-312-2764,Polygender
Auberta,Darbon,29,adarbon63@jigsy.com,670-857-0949,Polygender
Truman,Moorcraft,48,tmoorcraft64@jugem.jp,492-180-4771,Male
Elsie,Piperley,50,epiperley65@cisco.com,759-956-7672,Female
Byrle,Found,66,bfound66@theglobeandmail.com,607-414-9517,Male
Roi,Bartolomivis,49,rbartolomivis67@ucoz.ru,917-320-0846,Male
Liva,Franca,38,lfranca68@devhub.com,826-107-1455,Female
Estele,Ozintsev,55,eozintsev69@latimes.com,489-834-2911,Female
Natty,Ruckledge,84,nruckledge6a@reuters.com,703-306-8437,Female
Maryjo,Kearns,74,mkearns6b@google.ca,256-291-5612,Female
Haywood,Sprague,77,hsprague6c@comsenz.com,428-852-3572,Male
Ric,Piet,21,rpiet6d@weebly.com,757-502-2747,Male
Owen,Jancy,48,ojancy6e@exblog.jp,133-314-7546,Male
Malvin,Gollop,30,mgollop6f@opera.com,867-571-7246,Male
Homere,Chagg,59,hchagg6g@free.fr,266-399-9048,Male
Consalve,Ginsie,33,cginsie6h@cpanel.net,317-999-7307,Male
Stern,Walesa,73,swalesa6i@wikispaces.com,197-550-3581,Male
Geri,Kondratowicz,42,gkondratowicz6j@gizmodo.com,626-371-8712,Female
Dorena,O'Coskerry,58,docoskerry6k@surveymonkey.com,555-797-6123,Polygender
Fidel,Norcliffe,55,fnorcliffe6l@123-reg.co.uk,437-197-6640,Male
Benjie,Minghetti,72,bminghetti6m@youku.com,199-364-3558,Male
Venus,Pasquale,22,vpasquale6n@odnoklassniki.ru,797-565-4295,Female
Rebe,Carratt,71,rcarratt6o@phoca.cz,442-124-8256,Female
Zane,Hurdidge,83,zhurdidge6p@bizjournals.com,192-680-8782,Genderfluid
Leola,Glader,82,lglader6q@pbs.org,501-497-6418,Female
Emogene,Good,55,egood6r@w3.org,582-480-1997,Female
Velma,Ledrane,54,vledrane6s@technorati.com,211-635-3064,Polygender
Karlotte,Fretwell,22,kfretwell6t@smh.com.au,795-502-1439,Bigender
Miguelita,Butchart,36,mbutchart6u@sogou.com,200-442-1692,Female
Flossie,Skull,49,fskull6v@mozilla.org,171-533-4610,Female
Leslie,Killock,51,lkillock6w@berkeley.edu,906-370-2711,Male
Ado,Pegden,56,apegden6x@slideshare.net,403-654-9759,Male
Frankie,MacEvilly,66,fmacevilly6y@guardian.co.uk,294-712-4671,Female
Maggy,Woolveridge,28,mwoolveridge6z@sitemeter.com,322-109-4036,Non-binary
Lorant,Heffy,46,lheffy70@imdb.com,347-816-3712,Non-binary
Tremaine,Royle,21,troyle71@go.com,122-432-6040,Male
Gill,Stabbins,20,gstabbins72@comsenz.com,609-521-8621,Male
Perla,Pescott,73,ppescott73@loc.gov,505-877-5020,Female
Alon,Sprasen,69,asprasen74@abc.net.au,927-476-9759,Male
Harbert,Barnfather,55,hbarnfather75@shareasale.com,461-227-2268,Male
Frederic,Davidowsky,34,fdavidowsky76@youtu.be,457-775-7395,Male
Niles,Moen,61,nmoen77@github.com,109-713-1430,Male
Madelena,Iacovino,75,miacovino78@ted.com,999-615-5298,Female
Annice,Mungane,61,amungane79@godaddy.com,699-556-9208,Female
Glennie,Busby,65,gbusby7a@intel.com,348-226-9597,Agender
Bogey,Longea,52,blongea7b@vimeo.com,955-431-7239,Male
Barbara-anne,Putnam,36,bputnam7c@webnode.com,429-474-0075,Female
Brett,Whitton,84,bwhitton7d@dell.com,740-905-9182,Male
Dre,Tonn,54,dtonn7e@cam.ac.uk,997-905-1393,Agender
Sholom,Tindall,74,stindall7f@columbia.edu,927-325-8887,Male
Raine,Ranson,64,rranson7g@mac.com,492-329-9287,Female
Phillip,Casterot,41,pcasterot7h@tamu.edu,209-637-5675,Male
Joscelin,Lenchenko,45,jlenchenko7i@wordpress.org,907-865-0774,Female
Loree,Haveline,76,lhaveline7j@reference.com,414-701-5411,Female
Deb,Stolli,59,dstolli7k@sakura.ne.jp,951-365-9900,Female
Anissa,Andretti,70,aandretti7l@epa.gov,952-473-9106,Female
Jorie,Sealey,47,jsealey7m@barnesandnoble.com,223-133-5289,Female
Donnamarie,Stothard,79,dstothard7n@elpais.com,267-547-8880,Female
Walton,Engeham,45,wengeham7o@1688.com,579-877-9872,Male
Neda,Olekhov,65,nolekhov7p@google.nl,522-564-1950,Female
Maris,Shilleto,31,mshilleto7q@usa.gov,926-476-2364,Female
Taddeo,Dmitrovic,35,tdmitrovic7r@irs.gov,137-635-1640,Male
Miguelita,Tierney,61,mtierney7s@senate.gov,412-229-5829,Female
Derron,Cullip,81,dcullip7t@google.com.hk,353-510-4056,Male
Blondell,Couronne,40,bcouronne7u@usnews.com,274-284-3270,Female
Dacy,Bartholomieu,47,dbartholomieu7v@berkeley.edu,272-537-7345,Female
Langston,Scatchar,82,lscatchar7w@photobucket.com,863-888-7160,Male
Edeline,Yeowell,59,eyeowell7x@wordpress.com,531-342-4271,Female
Persis,Scrivener,22,pscrivener7y@taobao.com,944-382-1531,Bigender
Lucila,Corbridge,51,lcorbridge7z@stanford.edu,213-482-0429,Female
Brose,Kempson,46,bkempson80@yahoo.com,473-437-2582,Male
Zelda,Turneux,78,zturneux81@fema.gov,282-436-1025,Female
Leslie,Bastard,37,lbastard82@dropbox.com,492-489-4276,Male
Derward,Waskett,41,dwaskett83@webnode.com,186-287-4398,Male
Penrod,Webbe,53,pwebbe84@friendfeed.com,718-362-6211,Male
Veronique,Blueman,56,vblueman85@spotify.com,686-109-4246,Female
Emalee,Smewings,45,esmewings86@spotify.com,603-814-5460,Female
Georgi,Schukraft,31,gschukraft87@xrea.com,361-568-2269,Male
Eolande,Cranstoun,28,ecranstoun88@statcounter.com,276-212-0358,Female
Callie,Schleswig-Holstein,38,cschleswigholstein89@psu.edu,786-626-1584,Female
Clerkclaude,MacKnocker,51,cmacknocker8a@bluehost.com,856-558-1523,Male
Hardy,Kyndred,52,hkyndred8b@china.com.cn,763-107-4212,Male
Marketa,Heningham,23,mheningham8c@hatena.ne.jp,611-317-8312,Female
Marcelline,Wavell,83,mwavell8d@google.com.hk,513-625-4715,Female
Mariska,Ackroyd,66,mackroyd8e@ovh.net,978-940-4943,Female
Brietta,French,33,bfrench8f@hatena.ne.jp,946-903-4607,Female
Krishna,Messingham,40,kmessingham8g@noaa.gov,687-833-6323,Male
Kaleena,Askie,38,kaskie8h@alibaba.com,743-657-3233,Female
Min,Whitticks,44,mwhitticks8i@berkeley.edu,777-535-4916,Female
Melessa,Mohring,35,mmohring8j@wufoo.com,209-955-7545,Female
Darla,Espinay,49,despinay8k@furl.net,572-778-3271,Female
Inna,Tolliday,80,itolliday8l@free.fr,104-355-2389,Female
Trumann,Saladine,40,tsaladine8m@phoca.cz,414-124-8830,Male
Ariel,Paterno,63,apaterno8n@alexa.com,833-925-4106,Male
Nicolas,Hasley,24,nhasley8o@phoca.cz,520-274-5009,Male
Jemmy,Everist,21,jeverist8p@cisco.com,713-906-4784,Female
Raviv,Nasey,23,rnasey8q@networkadvertising.org,926-251-9625,Male
Arthur,Weale,78,aweale8r@thetimes.co.uk,230-248-0007,Male
Randolf,Eastup,24,reastup8s@amazon.de,437-790-7473,Male
Barny,Hirthe,64,bhirthe8t@livejournal.com,929-535-6204,Male
Orrin,O'Carroll,21,oocarroll8u@dyndns.org,806-909-0874,Male
Etheline,Shedden,22,eshedden8v@flickr.com,152-911-7925,Female
Shamus,Sanchis,64,ssanchis8w@prnewswire.com,475-664-9668,Male
Reynolds,Goldin,44,rgoldin8x@telegraph.co.uk,135-852-4493,Male
Samuele,Zuenelli,32,szuenelli8y@webmd.com,442-119-4932,Male
Durward,Buckney,59,dbuckney8z@who.int,684-126-1193,Male
Eduardo,Twidle,56,etwidle90@bizjournals.com,848-878-7762,Male
Marijo,De la Zenne,70,mdelazenne91@gov.uk,441-506-5811,Female
Hilliary,Melluish,30,hmelluish92@baidu.com,819-892-2666,Female
Robinson,Baldung,25,rbaldung93@netvibes.com,225-847-1496,Male
Fidela,Raithby,58,fraithby94@usatoday.com,160-797-7446,Female
Giusto,Heinritz,57,gheinritz95@mozilla.org,525-994-5012,Male
Mikol,Mansbridge,72,mmansbridge96@pen.io,218-932-0934,Male
Wolf,Getsham,48,wgetsham97@mashable.com,272-755-5774,Male
Vance,Lorait,84,vlorait98@accuweather.com,322-820-3570,Bigender
Kit,Ziehms,64,kziehms99@youku.com,302-668-3790,Female
Andreas,Gowthorpe,79,agowthorpe9a@google.co.jp,401-607-2546,Male
Ange,Idill,55,aidill9b@t.co,757-195-2289,Female
Iormina,Ellor,33,iellor9c@ocn.ne.jp,126-213-1193,Female
Oralle,Evanson,38,oevanson9d@yahoo.co.jp,693-338-3523,Female
Culley,Jelliman,42,cjelliman9e@smugmug.com,975-610-0485,Male
Mirabelle,Fleeming,20,mfleeming9f@purevolume.com,274-351-6741,Female
Thaxter,Domelow,72,tdomelow9g@mac.com,306-240-6589,Male
Mathilda,Fourmy,67,mfourmy9h@about.me,475-682-6465,Female
Arlyne,Godby,72,agodby9i@lulu.com,909-503-6534,Female
Case,Botham,27,cbotham9j@webs.com,306-163-4495,Male
Albie,Burdess,81,aburdess9k@oakley.com,224-649-8799,Male
Merrel,Rosenstiel,52,mrosenstiel9l@umich.edu,716-651-2874,Non-binary
Corabel,Reedshaw,55,creedshaw9m@acquirethisname.com,899-178-2328,Female
Paulo,Bickerstaff,63,pbickerstaff9n@cnn.com,690-365-6314,Agender
Morgan,Overell,29,moverell9o@bluehost.com,765-301-4574,Female
Maurice,Pinch,80,mpinch9p@ucla.edu,494-103-6962,Male
Niels,Brinicombe,31,nbrinicombe9q@columbia.edu,450-905-7131,Male
Napoleon,Lacroux,23,nlacroux9r@reuters.com,521-974-8946,Male
Sanders,Tichelaar,30,stichelaar9s@live.com,127-747-0797,Male
Marshal,Balfre,32,mbalfre9t@ow.ly,824-881-7695,Male
Agnesse,Wainer,26,awainer9u@pagesperso-orange.fr,552-432-8398,Female
Rosy,Stinton,51,rstinton9v@msn.com,331-760-7643,Female
Trey,Naulls,38,tnaulls9w@home.pl,197-532-0460,Non-binary
Willie,Bebis,60,wbebis9x@technorati.com,698-297-3912,Female
Robbie,M'Barron,22,rmbarron9y@slashdot.org,900-238-6162,Bigender
Lynn,Eccleston,67,leccleston9z@goo.ne.jp,321-831-1377,Male
Sara-ann,Florence,39,sflorencea0@nature.com,465-638-7052,Female
Ricoriki,Van Son,28,rvansona1@jugem.jp,646-954-3732,Male
Cozmo,Chevins,29,cchevinsa2@ifeng.com,755-147-9110,Male
Gabbie,Binding,51,gbindinga3@digg.com,766-591-9942,Male
Bobbye,Bloys,68,bbloysa4@yellowbook.com,843-639-0646,Female
Brucie,Korneluk,70,bkorneluka5@bandcamp.com,986-793-9403,Male
Paten,Hinrichs,79,phinrichsa6@wikipedia.org,529-995-3466,Male
Johan,Newarte,44,jnewartea7@oracle.com,430-564-2453,Male
Jonah,Laundon,45,jlaundona8@hugedomains.com,813-157-1029,Genderfluid
Donalt,Dealtry,46,ddealtrya9@pbs.org,852-278-4949,Genderfluid
Laverna,Ionn,20,lionnaa@godaddy.com,121-464-3987,Female
Rubia,Doutch,51,rdoutchab@unc.edu,556-314-2316,Female
Adeline,Gegg,48,ageggac@123-reg.co.uk,865-388-5727,Female
Dorri,Pach,20,dpachad@t-online.de,100-733-2202,Female
Lee,McDoual,45,lmcdoualae@indiatimes.com,459-902-9153,Female
Justus,Aykroyd,79,jaykroydaf@bbc.co.uk,337-420-5532,Male
Emili,Fielder,59,efielderag@amazon.co.jp,999-985-7111,Female
Betsey,O'Coskerry,52,bocoskerryah@pinterest.com,535-235-2218,Female
Melvyn,Banner,83,mbannerai@soundcloud.com,162-852-2222,Male
Yard,Pietrasik,66,ypietrasikaj@gnu.org,122-383-1282,Male
Mag,Dow,34,mdowak@salon.com,716-320-9000,Female
Randi,Surgenor,73,rsurgenoral@theatlantic.com,549-702-3222,Male
Eustace,Godain,42,egodainam@pcworld.com,531-843-0132,Male
Harriette,Presdee,54,hpresdeean@whitehouse.gov,616-394-2086,Female
Melinda,Burrass,36,mburrassao@nymag.com,154-482-1183,Female
Mischa,Drillingcourt,41,mdrillingcourtap@vimeo.com,740-440-3103,Male
Bayard,Ingolotti,60,bingolottiaq@opera.com,998-509-5388,Male
Gaby,Pickton,53,gpicktonar@berkeley.edu,369-749-2426,Male
Emelen,Wroughton,82,ewroughtonas@oakley.com,417-733-1356,Male
Hattie,Grise,67,hgriseat@linkedin.com,249-152-4143,Female
Gualterio,Batteson,73,gbattesonau@histats.com,205-695-6136,Male
Sargent,Cardew,36,scardewav@stumbleupon.com,554-152-4887,Male
Danielle,Bullas,32,dbullasaw@histats.com,386-156-7011,Female
Raynard,Norkett,53,rnorkettax@topsy.com,588-863-9633,Male
Rudy,Mattevi,47,rmatteviay@bizjournals.com,912-210-5109,Male
Lesley,Muge,54,lmugeaz@nydailynews.com,291-566-0307,Male
Ollie,Lambird,60,olambirdb0@technorati.com,219-933-9328,Female
Aggi,Haith,79,ahaithb1@vkontakte.ru,799-957-7246,Female
Arleyne,Zettler,39,azettlerb2@weebly.com,810-818-1697,Female
Amity,Yoodall,71,ayoodallb3@ow.ly,951-439-6732,Female
Amabelle,Lightbody,85,alightbodyb4@yandex.ru,432-445-3058,Female
Tabby,Yeell,50,tyeellb5@accuweather.com,300-773-2078,Male
Maurita,Copcote,75,mcopcoteb6@narod.ru,925-744-4307,Female
Elwood,Klimas,72,eklimasb7@guardian.co.uk,173-695-4253,Male
Caleb,Tinsey,54,ctinseyb8@etsy.com,328-579-2581,Male
Randa,Sackett,41,rsackettb9@last.fm,446-919-6517,Female
Hollis,Duerden,72,hduerdenba@auda.org.au,783-303-8461,Male
Bibby,Hacquard,85,bhacquardbb@redcross.org,487-756-7261,Female
Christophorus,Markwick,79,cmarkwickbc@bravesites.com,262-300-2617,Male
Abramo,Corthes,54,acorthesbd@123-reg.co.uk,640-793-0613,Polygender
Myrta,Cristol,36,mcristolbe@quantcast.com,138-294-6622,Female
Dexter,Bragge,56,dbraggebf@europa.eu,645-575-6518,Male
Gothart,Roose,78,groosebg@state.tx.us,308-789-7530,Male
Sunny,Chittey,31,schitteybh@rediff.com,399-282-6359,Female
Zelig,Scrowby,23,zscrowbybi@geocities.com,172-468-7997,Male
Nancee,Pacitti,63,npacittibj@house.gov,962-179-1911,Female
Kenny,Wharin,22,kwharinbk@noaa.gov,958-695-7119,Male
Ginger,Slowcock,48,gslowcockbl@china.com.cn,340-934-6848,Male
Tadeo,Mulberry,26,tmulberrybm@yale.edu,614-738-3668,Male
Naoma,Macauley,36,nmacauleybn@cdbaby.com,586-772-7959,Female
Orelee,Diem,78,odiembo@infoseek.co.jp,183-876-9888,Female
Catrina,McCosh,60,cmccoshbp@mlb.com,194-724-5121,Female
Jayme,Lozano,29,jlozanobq@networkadvertising.org,230-147-8299,Genderfluid
Catlee,Uden,55,cudenbr@google.it,441-415-3679,Female
Lamar,Kenshole,31,lkensholebs@economist.com,557-308-4176,Male
Charlene,Raspin,83,craspinbt@g.co,766-445-1888,Female
Alanna,Castaner,38,acastanerbu@si.edu,499-253-4459,Female
Timmy,Screas,72,tscreasbv@microsoft.com,370-506-5416,Male
Russell,Jorioz,44,rjoriozbw@home.pl,162-226-0623,Male
Milty,Menear,52,mmenearbx@google.pl,417-290-7302,Male
Lemar,Brocklehurst,28,lbrocklehurstby@shop-pro.jp,494-639-5419,Male
Cindra,Ivasyushkin,38,civasyushkinbz@ovh.net,940-417-7863,Female
Nadya,Brettoner,69,nbrettonerc0@bravesites.com,888-999-3894,Female
Rikki,Twatt,48,rtwattc1@illinois.edu,152-417-0814,Female
Fallon,Tedder,71,ftedderc2@google.co.jp,548-707-5907,Female
Berkeley,Georgot,19,bgeorgotc3@wired.com,178-672-2680,Male
Brynna,Gaythor,70,bgaythorc4@illinois.edu,470-231-1156,Female
Colline,Tybalt,58,ctybaltc5@bizjournals.com,153-863-9222,Female
Consolata,Keilty,79,ckeiltyc6@lycos.com,512-891-7933,Polygender
Nickey,Galpen,67,ngalpenc7@slashdot.org,666-830-8361,Male
Vanna,Fleury,58,vfleuryc8@usnews.com,566-965-2621,Female
Lesley,Belone,35,lbelonec9@fotki.com,138-453-9387,Male
Adena,Arnold,44,aarnoldca@ft.com,384-909-9202,Female
Kerry,Welbeck,50,kwelbeckcb@paginegialle.it,353-965-4543,Female
Emlynn,Kendrew,81,ekendrewcc@blogtalkradio.com,786-676-8188,Female
Alberto,Confort,55,aconfortcd@acquirethisname.com,281-139-8655,Male
Adolpho,Scough,45,ascoughce@youtube.com,673-578-6007,Genderfluid
Ulrike,Dublin,63,udublincf@dmoz.org,759-140-6057,Female
Rowe,Lambert,32,rlambertcg@etsy.com,470-475-0858,Female
Gerald,Elmes,60,gelmesch@bloglovin.com,835-117-8235,Male
Malchy,Blacket,74,mblacketci@ted.com,782-321-9371,Male
Georgeta,Poolton,18,gpooltoncj@skype.com,577-278-8911,Female
Griff,Allery,59,galleryck@sphinn.com,521-913-9326,Polygender
Duncan,Baselli,69,dbasellicl@virginia.edu,238-566-6166,Male
Krysta,MacIllrick,57,kmacillrickcm@networksolutions.com,591-357-0621,Female
Saul,Kaplan,25,skaplancn@google.com.hk,532-917-6741,Male
Dory,Delion,44,ddelionco@archive.org,130-608-2945,Female
Kendrick,Meineken,83,kmeinekencp@cam.ac.uk,664-285-6759,Male
Jodi,Hugnot,54,jhugnotcq@technorati.com,343-674-3347,Female
Emerson,Rowett,36,erowettcr@google.co.jp,501-134-7159,Male
Tim,Rosita,34,trositacs@nifty.com,355-510-7491,Male
Dunc,Hurd,55,dhurdct@posterous.com,981-511-3073,Male
Adela,Luberto,35,alubertocu@purevolume.com,538-644-0964,Female
Dee dee,O' Molan,58,domolancv@surveymonkey.com,783-547-1547,Female
Vivianne,Littlekit,31,vlittlekitcw@163.com,172-243-2713,Female
Rasia,Canacott,18,rcanacottcx@springer.com,268-885-8461,Genderqueer
Petronella,Longmuir,19,plongmuircy@goodreads.com,856-933-2910,Female
Anna,Mayling,66,amaylingcz@cmu.edu,256-523-0487,Female
Zolly,Pickles,82,zpicklesd0@meetup.com,286-595-3328,Genderqueer
Chevy,Scandrite,39,cscandrited1@fastcompany.com,923-881-9675,Male
Remus,Carcass,25,rcarcassd2@webeden.co.uk,113-494-5885,Male
Annemarie,Savoury,29,asavouryd3@mlb.com,798-738-8491,Female
Deena,Beadell,47,dbeadelld4@ted.com,106-821-8049,Female
Mandel,Smee,45,msmeed5@dagondesign.com,830-260-4329,Male
Moe,Gopsell,40,mgopselld6@hugedomains.com,712-363-1713,Male
Michaelina,Kleynen,41,mkleynend7@engadget.com,845-752-2981,Female
Theo,Ogle,32,togled8@omniture.com,961-493-0344,Male
Den,Hewell,69,dhewelld9@weibo.com,276-696-3908,Genderfluid
Nicki,Mulford,19,nmulfordda@gravatar.com,645-462-1517,Bigender
Rowan,Howman,51,rhowmandb@spotify.com,373-380-8629,Male
Annmarie,Muneely,66,amuneelydc@buzzfeed.com,637-251-9305,Bigender
Rey,Judgkins,42,rjudgkinsdd@deliciousdays.com,531-172-2560,Female
Bronny,Pinnocke,72,bpinnockede@tripadvisor.com,873-579-3253,Male
Stirling,Halton,36,shaltondf@cyberchimps.com,404-256-4826,Polygender
Alaster,McEntegart,27,amcentegartdg@meetup.com,592-703-5556,Male
Boigie,Nathan,42,bnathandh@desdev.cn,385-431-5637,Male
Jefferson,Fargher,65,jfargherdi@soundcloud.com,688-615-3726,Male
Bonnie,Gandey,63,bgandeydj@eepurl.com,618-145-2161,Female
Anabella,Tingcomb,54,atingcombdk@youtu.be,715-652-8270,Female
Dinny,L'Hommeau,48,dlhommeaudl@businesswire.com,801-974-3752,Female
Brooks,Whaymand,63,bwhaymanddm@eepurl.com,390-949-0426,Male
Theo,Novik,84,tnovikdn@redcross.org,667-408-5626,Female
Silas,Sickamore,80,ssickamoredo@shop-pro.jp,508-826-0755,Male
Delcina,Burless,34,dburlessdp@merriam-webster.com,391-806-6965,Female
Samuel,Sparkwill,35,ssparkwilldq@omniture.com,487-322-3703,Male
Robinia,Redwin,39,rredwindr@sogou.com,969-404-2884,Female
Dorita,Lidbetter,84,dlidbetterds@over-blog.com,992-295-5488,Female
Cece,MacGilmartin,28,cmacgilmartindt@psu.edu,827-543-3011,Male
Brewer,Knowling,70,bknowlingdu@merriam-webster.com,160-679-4257,Male
Loralee,Hastwall,61,lhastwalldv@mediafire.com,138-750-5365,Female
Dallas,Cometto,31,dcomettodw@webeden.co.uk,476-882-9215,Female
Horacio,Feldbau,54,hfeldbaudx@dyndns.org,463-351-0672,Male
Viva,Pavyer,29,vpavyerdy@github.com,519-501-3793,Polygender
Cathee,Haslam,55,chaslamdz@t-online.de,660-813-5851,Female
Anders,Gladdis,84,agladdise0@artisteer.com,252-920-3243,Non-binary
Joscelin,McKnish,30,jmcknishe1@parallels.com,656-726-1805,Female
Pattie,Cussins,64,pcussinse2@ucoz.ru,336-577-0812,Female
Sybyl,Lombardo,73,slombardoe3@pagesperso-orange.fr,677-445-7660,Female
Jereme,Troker,69,jtrokere4@sakura.ne.jp,280-739-2405,Male
Lorens,Robuchon,25,lrobuchone5@mtv.com,275-536-3077,Non-binary
Ray,Terrell,30,rterrelle6@tinypic.com,440-826-8493,Female
Bertha,Birchall,39,bbirchalle7@purevolume.com,948-364-9913,Female
Louis,Catcherside,61,lcatchersidee8@amazon.com,397-697-2521,Male
Meyer,Bonellie,51,mbonelliee9@list-manage.com,981-727-2763,Male
Meriel,Bride,58,mbrideea@elpais.com,871-155-8612,Female
Scot,Burnet,45,sburneteb@bloglines.com,246-728-8668,Male
Johnnie,Goodliff,28,jgoodliffec@smh.com.au,164-449-6179,Male
Pace,Wison,78,pwisoned@cornell.edu,385-569-8839,Male
Row,Skews,35,rskewsee@theglobeandmail.com,158-658-3813,Female
Fair,Trunby,36,ftrunbyef@yahoo.com,533-754-5543,Male
Jerrine,LaBastida,68,jlabastidaeg@howstuffworks.com,382-155-9748,Female
Gustavus,Kenwright,45,gkenwrighteh@ifeng.com,985-291-3367,Male
Thornton,Easom,75,teasomei@ox.ac.uk,536-437-3115,Male
Kev,Birmingham,27,kbirminghamej@sourceforge.net,890-629-8900,Male
Derick,Payn,72,dpaynek@buzzfeed.com,853-934-1341,Male
Theadora,Probbing,33,tprobbingel@ucoz.com,670-291-8627,Female
Rosella,Sokell,36,rsokellem@ocn.ne.jp,295-552-5569,Female
Ag,Espinos,57,aespinosen@domainmarket.com,856-477-8416,Female
Coletta,Siman,75,csimaneo@printfriendly.com,902-445-2629,Female
Cyndy,Lehrle,78,clehrleep@xinhuanet.com,589-949-3753,Female
Anton,Trenear,69,atreneareq@reuters.com,781-776-5744,Male
Hilary,McKeowon,45,hmckeowoner@csmonitor.com,647-283-2547,Male
Aloysia,Buglass,73,abuglasses@sitemeter.com,426-881-2217,Female
Waite,Leddie,85,wleddieet@phoca.cz,998-833-8175,Genderqueer
Idell,Dabling,73,idablingeu@sitemeter.com,823-526-3612,Female
Andree,Corkell,47,acorkellev@digg.com,209-462-1053,Female
Ives,Blackster,71,iblacksterew@4shared.com,573-244-9253,Male
Selma,Hagan,35,shaganex@netlog.com,233-801-4339,Female
Ninetta,Dodson,32,ndodsoney@ox.ac.uk,149-741-9891,Female
Marlene,Doogan,75,mdooganez@prnewswire.com,450-922-3737,Female
Thornton,Moorwood,42,tmoorwoodf0@google.com,296-622-6448,Male
Hermon,Beckett,39,hbeckettf1@fotki.com,493-985-9609,Male
Lisbeth,Cornelleau,46,lcornelleauf2@nydailynews.com,599-790-9466,Female
Ernest,Marmyon,68,emarmyonf3@studiopress.com,882-201-1539,Male
Jere,Randalston,59,jrandalstonf4@gmpg.org,702-688-1429,Female
Corissa,Foxen,61,cfoxenf5@whitehouse.gov,412-701-7476,Female
Tandie,Pawelek,33,tpawelekf6@webs.com,416-390-6833,Female
Berky,Drohan,82,bdrohanf7@plala.or.jp,440-311-8060,Male
Grange,Fawckner,82,gfawcknerf8@sakura.ne.jp,992-700-0904,Male
Rafael,Graundisson,63,rgraundissonf9@state.gov,915-617-8509,Male
Benetta,Braunthal,63,bbraunthalfa@google.com.br,365-260-5995,Genderfluid
Georgiana,Pepineaux,65,gpepineauxfb@washingtonpost.com,816-901-7794,Female
Jayme,Hibbart,72,jhibbartfc@goodreads.com,404-149-9071,Female
Gerladina,Allbut,20,gallbutfd@google.co.jp,115-847-5959,Female
Gualterio,Mullenger,82,gmullengerfe@odnoklassniki.ru,513-823-4408,Male
Scotti,Castiblanco,56,scastiblancoff@ovh.net,213-501-8263,Male
Rosalynd,Guillot,24,rguillotfg@dion.ne.jp,657-356-9222,Female
Lyn,Burril,60,lburrilfh@livejournal.com,498-264-3005,Female
Milly,Robbey,55,mrobbeyfi@unc.edu,720-761-0890,Female
Karine,Durtnall,46,kdurtnallfj@flickr.com,105-848-7623,Female
Mignon,Housegoe,36,mhousegoefk@nationalgeographic.com,660-694-9948,Female
Adrienne,Hardman,43,ahardmanfl@bigcartel.com,461-707-3771,Female
Wallie,Burchell,85,wburchellfm@issuu.com,135-691-4895,Male
Jon,Stonall,56,jstonallfn@usatoday.com,285-310-4266,Non-binary
Norina,Sidwell,82,nsidwellfo@nhs.uk,541-468-3023,Female
Baird,Goutcher,33,bgoutcherfp@who.int,301-449-9901,Male
Ryann,Linnett,26,rlinnettfq@moonfruit.com,869-704-0953,Female
Wilden,Heisman,70,wheismanfr@bigcartel.com,105-889-5101,Male
Kristo,Hinksen,60,khinksenfs@pbs.org,413-306-7528,Male
Ladonna,Clacson,38,lclacsonft@hibu.com,646-652-2886,Female
Ileane,Impleton,28,iimpletonfu@google.de,565-448-2522,Bigender
Augy,Cogar,65,acogarfv@walmart.com,952-661-9596,Male
Jehu,Adamou,34,jadamoufw@friendfeed.com,750-386-9920,Male
Ashlee,McCarty,20,amccartyfx@plala.or.jp,945-143-4631,Female
Lucille,Webbe,71,lwebbefy@si.edu,692-419-2270,Female
Imojean,Feron,85,iferonfz@yahoo.com,111-871-3477,Non-binary
Seward,Shills,64,sshillsg0@thetimes.co.uk,213-247-0743,Bigender
Jacob,Gosnoll,35,jgosnollg1@lycos.com,631-806-9205,Male
Niels,Gaskal,46,ngaskalg2@twitpic.com,346-786-1687,Male
Daloris,Espinay,76,despinayg3@nps.gov,281-783-0775,Female
Maurice,Gaule,58,mgauleg4@skyrock.com,907-592-2287,Male
Devonna,Emett,60,demettg5@surveymonkey.com,865-667-4258,Female
Rebecka,Whitcombe,62,rwhitcombeg6@npr.org,898-469-7173,Female
Talyah,Graeber,69,tgraeberg7@meetup.com,508-320-1650,Female
Crysta,Boniface,45,cbonifaceg8@spiegel.de,707-622-1583,Female
Teddie,Cabena,66,tcabenag9@hibu.com,905-452-9218,Male
Dacia,Worman,54,dwormanga@gnu.org,680-481-2474,Bigender
Jareb,Wannan,39,jwannangb@tinypic.com,164-950-8399,Male
Laurence,Omar,67,lomargc@trellian.com,140-733-9014,Male
Barbabas,Fierman,82,bfiermangd@fastcompany.com,798-158-6861,Male
Erhard,Fieldsend,85,efieldsendge@accuweather.com,814-513-3755,Male
Helenka,Lindstedt,70,hlindstedtgf@1und1.de,517-890-5590,Female
Viole,Kayser,23,vkaysergg@jalbum.net,109-868-1382,Female
Berty,Winspar,42,bwinspargh@ft.com,446-612-2213,Male
Gustavo,Arnault,69,garnaultgi@businessinsider.com,500-116-9809,Non-binary
Ross,Dunkerk,62,rdunkerkgj@jugem.jp,453-795-2602,Male
Gearard,Glauber,37,gglaubergk@wix.com,719-185-9818,Genderfluid
Nerte,Varian,30,nvariangl@chron.com,484-705-8862,Female
Jarred,Scopyn,34,jscopyngm@state.tx.us,936-780-2385,Male
Rubin,de Broke,23,rdebrokegn@a8.net,144-548-9922,Male
Augusta,Havile,76,ahavilego@mediafire.com,528-705-0258,Female
Devland,Gerrietz,20,dgerrietzgp@slideshare.net,883-833-6906,Male
Katy,Full,23,kfullgq@1und1.de,573-177-3086,Female
Nickolas,Gergolet,60,ngergoletgr@nps.gov,554-540-3705,Male
Drusie,Webben,52,dwebbengs@alexa.com,189-592-8495,Female
Dayna,McClelland,57,dmcclellandgt@google.it,541-444-0111,Genderfluid
Randy,Barca,41,rbarcagu@prweb.com,881-432-6543,Female
Bertrand,Malser,85,bmalsergv@ning.com,344-843-7130,Male
Carrol,Welldrake,72,cwelldrakegw@elpais.com,560-974-9096,Bigender
Morgan,De Ambrosis,30,mdeambrosisgx@webeden.co.uk,863-477-4479,Female
Raquela,Lebarree,60,rlebarreegy@telegraph.co.uk,188-816-1683,Female
Gertrude,Lewsam,43,glewsamgz@jugem.jp,574-855-6490,Female
Layton,Cinderey,29,lcindereyh0@goo.gl,311-428-7755,Male
Lindsay,Young,80,lyoungh1@taobao.com,973-581-3267,Male
Carly,Faley,64,cfaleyh2@domainmarket.com,337-817-8294,Male
Eddy,Noulton,57,enoultonh3@army.mil,891-925-0157,Female
Cull,Longfoot,66,clongfooth4@dailymail.co.uk,968-739-6325,Male
Ruthi,Hairesnape,46,rhairesnapeh5@gov.uk,292-680-4684,Female
Hyacintha,Yushkov,80,hyushkovh6@google.co.uk,634-385-2322,Female
Moina,Panton,50,mpantonh7@sfgate.com,852-626-7307,Female
Betta,MacSkeagan,80,bmacskeaganh8@feedburner.com,433-547-1391,Female
Rosa,Ende,79,rendeh9@lulu.com,661-140-2889,Female
Andrew,Legan,80,aleganha@biblegateway.com,580-371-9326,Male
Eward,Pittock,77,epittockhb@walmart.com,817-756-4336,Male
Eadith,Briddle,45,ebriddlehc@guardian.co.uk,926-143-4284,Female
Osmond,Thirwell,40,othirwellhd@sakura.ne.jp,630-837-7470,Male
Caryl,Munkley,26,cmunkleyhe@wisc.edu,547-896-1186,Female
Guthry,Ince,42,gincehf@cpanel.net,180-353-4453,Male
Tami,Jeacop,35,tjeacophg@blog.com,970-110-8642,Female
Guendolen,Komorowski,64,gkomorowskihh@reference.com,626-436-9445,Female
Brigham,Ludee,79,bludeehi@mapquest.com,322-424-9145,Non-binary
Rafferty,Rodders,74,rroddershj@github.io,939-559-8288,Male
Carr,Farleigh,44,cfarleighhk@wired.com,416-775-3688,Male
Lea,McKevitt,60,lmckevitthl@examiner.com,963-398-0983,Female
Layla,Willder,19,lwillderhm@ted.com,296-565-7135,Female
Lennard,Ballinger,54,lballingerhn@nsw.gov.au,368-878-8389,Male
Janetta,Greenmon,84,jgreenmonho@discuz.net,449-218-0345,Female
Erina,Baum,34,ebaumhp@lycos.com,998-560-7930,Female
Corey,Lautie,69,clautiehq@twitpic.com,610-248-8814,Female
Lowell,Olsson,24,lolssonhr@yale.edu,823-485-1285,Male
Lawry,Clipston,42,lclipstonhs@ucoz.com,825-319-2478,Male
Lucian,De Normanville,41,ldenormanvilleht@t.co,866-169-0350,Male
Christye,Benit,65,cbenithu@deviantart.com,594-110-1437,Female
Deane,Alennikov,33,dalennikovhv@tmall.com,351-925-0545,Male
Adrian,Lakenton,63,alakentonhw@cam.ac.uk,428-291-6071,Male
Aundrea,Whear,33,awhearhx@time.com,597-204-6816,Female
Andrea,Clericoates,38,aclericoateshy@tripod.com,531-110-4134,Female
Marylinda,Moret,46,mmorethz@hhs.gov,473-615-7065,Female
Kati,Dunsmuir,85,kdunsmuiri0@ucoz.com,809-451-2434,Female
Kristine,Huzzey,82,khuzzeyi1@cocolog-nifty.com,413-910-9505,Female
Remus,Foggarty,50,rfoggartyi2@cdbaby.com,929-167-4555,Male
Bidget,Deacock,37,bdeacocki3@ucoz.com,186-125-0101,Female
Preston,Norvill,59,pnorvilli4@taobao.com,896-569-9127,Male
Cordelia,Piele,49,cpielei5@spiegel.de,565-831-4031,Female
Karlotte,Fowle,24,kfowlei6@bluehost.com,690-686-5906,Female
Chrisy,Mabbitt,66,cmabbitti7@businesswire.com,635-125-5605,Male
Haley,Nesbeth,50,hnesbethi8@msn.com,732-992-7599,Female
Anderson,Rickert,60,arickerti9@google.ca,682-884-9853,Male
Cari,Whithalgh,39,cwhithalghia@typepad.com,645-696-5879,Polygender
Trudie,Molesworth,56,tmolesworthib@live.com,958-257-7697,Female
Alli,Plant,32,aplantic@mysql.com,152-241-7881,Female
Angy,Curror,24,acurrorid@europa.eu,969-601-2565,Female
Hastings,Matanin,44,hmataninie@usnews.com,427-701-3730,Male
Ase,Macer,58,amacerif@apple.com,677-715-8091,Male
Shay,Stoyell,54,sstoyellig@nyu.edu,118-147-7357,Female
Blinni,Rylands,74,brylandsih@sitemeter.com,258-848-7628,Female
Francois,Schulke,56,fschulkeii@hhs.gov,869-205-4718,Male
Teddie,Reimer,75,treimerij@independent.co.uk,502-519-7955,Female
Bell,McEnery,65,bmceneryik@statcounter.com,628-880-3958,Female
Asa,Aldcorn,70,aaldcornil@cnet.com,840-352-6631,Genderqueer
Tannie,Kruschov,44,tkruschovim@wordpress.org,986-570-1264,Male
Lolly,Millyard,45,lmillyardin@nhs.uk,405-826-2870,Female
Duffie,Callway,40,dcallwayio@slate.com,670-344-1956,Male
Betta,Ewdale,65,bewdaleip@un.org,467-516-0119,Female
Meryl,Spoors,43,mspoorsiq@state.tx.us,343-842-4561,Female
Alyson,Sellick,79,asellickir@phpbb.com,973-163-0953,Female
Reba,McCaffrey,35,rmccaffreyis@alibaba.com,895-366-9698,Female
Quintana,Braine,75,qbraineit@tamu.edu,334-467-9284,Female
Arte,Alderwick,65,aalderwickiu@va.gov,690-729-1116,Male
Zolly,Lammin,41,zlamminiv@ucla.edu,351-251-2696,Agender
Casandra,Snoxall,28,csnoxalliw@w3.org,445-116-6834,Female
Byrom,Bockett,30,bbockettix@yahoo.com,259-950-4956,Male
Shir,Gynn,68,sgynniy@dmoz.org,475-288-2086,Female
Gran,Hockell,22,ghockelliz@google.ru,983-859-2795,Male
Chrotoem,Poxon,61,cpoxonj0@dot.gov,391-806-0732,Male
Leelah,Gummory,57,lgummoryj1@ftc.gov,493-204-7990,Female
Royce,Vallack,77,rvallackj2@nationalgeographic.com,613-289-9728,Male
Royce,Yong,81,ryongj3@mlb.com,787-665-1686,Male
Justino,Hughs,32,jhughsj4@cdbaby.com,557-647-7161,Male
Alfie,Guyer,38,aguyerj5@feedburner.com,511-443-9733,Male
Reginald,Quodling,67,rquodlingj6@webmd.com,731-161-5441,Male
Armando,Isgate,70,aisgatej7@mac.com,849-594-3683,Male
Ottilie,Danielsson,26,odanielssonj8@facebook.com,204-750-1127,Female
Juan,Roby,33,jrobyj9@washingtonpost.com,887-753-2449,Male
Claybourne,Huckle,74,chuckleja@prnewswire.com,758-358-1532,Male
Wylie,Harding,52,whardingjb@i2i.jp,739-333-0887,Male
Bernardine,Lujan,55,blujanjc@uol.com.br,898-528-4932,Female
Melony,Christol,63,mchristoljd@statcounter.com,927-469-7080,Female
Salomo,Jenks,63,sjenksje@si.edu,204-648-5336,Male
Leigh,Bearne,31,lbearnejf@sourceforge.net,902-665-1654,Female
Darryl,Cufflin,37,dcufflinjg@cam.ac.uk,408-983-2150,Female
Ramsey,Nanninini,59,rnannininijh@mapy.cz,242-258-7661,Male
Agna,Abberley,34,aabberleyji@studiopress.com,388-753-4749,Female
Lief,Carneck,44,lcarneckjj@google.ru,156-976-6980,Male
Hughie,Marsham,19,hmarshamjk@homestead.com,429-809-2787,Male
Jodi,Hiddersley,29,jhiddersleyjl@xrea.com,564-658-7289,Female
Kellsie,Tilney,49,ktilneyjm@networkadvertising.org,106-172-6033,Female
Jessie,Phizacklea,60,jphizackleajn@phoca.cz,805-931-4406,Male
Kennie,Hearn,75,khearnjo@squidoo.com,915-213-0180,Male
Myrlene,Heinrich,33,mheinrichjp@homestead.com,819-660-3514,Female
Ted,Van de Velde,47,tvandeveldejq@vk.com,248-636-5728,Male
Hyatt,Pickworth,19,hpickworthjr@parallels.com,532-290-7978,Male
Kit,Lodevick,59,klodevickjs@desdev.cn,319-818-1762,Male
Oswald,Moneti,54,omonetijt@merriam-webster.com,971-552-0028,Male
Parsifal,Vasilchenko,76,pvasilchenkoju@icq.com,189-878-4247,Genderfluid
Lucius,Staig,54,lstaigjv@sitemeter.com,960-918-4517,Male
Kitty,Werendell,58,kwerendelljw@jigsy.com,352-448-4507,Female
Robinette,Osorio,80,rosoriojx@squidoo.com,421-969-7509,Female
Peria,Batey,35,pbateyjy@theguardian.com,142-121-3896,Female
Jackqueline,Doige,72,jdoigejz@t-online.de,278-295-1858,Female
Corenda,Aisthorpe,20,caisthorpek0@marketwatch.com,778-141-1583,Female
Carilyn,Gatman,58,cgatmank1@simplemachines.org,604-252-2398,Female
Rube,Urlich,74,rurlichk2@smh.com.au,263-861-1013,Male
Devonna,Deer,50,ddeerk3@ucoz.com,776-348-5966,Female
Bailie,Feary,45,bfearyk4@networksolutions.com,219-282-3716,Male
Aurel,McGiffie,30,amcgiffiek5@plala.or.jp,385-677-4121,Female
Caryl,McGaugie,35,cmcgaugiek6@globo.com,159-701-4323,Non-binary
Lucio,Fido,31,lfidok7@infoseek.co.jp,510-567-2032,Male
Baudoin,Terris,21,bterrisk8@businessinsider.com,281-917-1026,Non-binary
Chrisy,Prophet,60,cprophetk9@wiley.com,202-263-8792,Male
Lorna,Kemmish,22,lkemmishka@shutterfly.com,522-900-3553,Female
Joan,Askwith,30,jaskwithkb@home.pl,693-699-3559,Female
Eben,Duligal,84,eduligalkc@skype.com,463-178-1577,Male
Jinny,Lippini,30,jlippinikd@dailymotion.com,990-195-8220,Female
Bevan,Dowtry,34,bdowtryke@admin.ch,995-933-9737,Male
Fleur,Crisell,68,fcrisellkf@istockphoto.com,840-940-5225,Female
Shalna,Facey,57,sfaceykg@acquirethisname.com,687-587-3766,Female
Adams,Flanne,85,aflannekh@facebook.com,976-998-8244,Male
Roxie,Smythe,81,rsmytheki@about.com,827-773-5662,Female
Brandyn,Kinge,78,bkingekj@wiley.com,347-604-6849,Male
Merla,Waller,81,mwallerkk@icio.us,455-200-3976,Female
Clarie,Hugonin,49,chugoninkl@fda.gov,170-565-8516,Female
Marieann,Golby,31,mgolbykm@is.gd,746-788-8453,Female
Rodie,Delos,41,rdeloskn@mit.edu,136-801-9559,Female
Ludwig,Gething,55,lgethingko@cafepress.com,569-244-1659,Male
Edyth,Leyre,58,eleyrekp@prlog.org,395-989-9342,Female
Martie,Dmtrovic,56,mdmtrovickq@ovh.net,447-736-9393,Female
Lorene,Greschik,35,lgreschikkr@php.net,608-788-3503,Female
Donelle,Lies,67,dliesks@rambler.ru,181-668-2718,Female
Ilka,Pizzie,37,ipizziekt@un.org,148-442-6177,Female
Marris,Coulter,29,mcoulterku@ca.gov,412-263-1328,Female
Tabbie,Masselin,62,tmasselinkv@fc2.com,908-365-3381,Male
Johnna,Crapper,32,jcrapperkw@wordpress.org,951-957-2503,Female
Phil,Gini,69,pginikx@answers.com,104-226-7640,Male
Wally,Speakman,22,wspeakmanky@wsj.com,929-899-1346,Female
Leanna,Sweetlove,37,lsweetlovekz@mac.com,613-465-4092,Female
Julianna,Pohlak,65,jpohlakl0@cornell.edu,976-202-5547,Female
Brit,Peacocke,38,bpeacockel1@stanford.edu,804-123-5638,Male
Athena,Giacomini,19,agiacominil2@gnu.org,674-852-3506,Female
Neila,Frotton,56,nfrottonl3@japanpost.jp,290-450-5300,Female
Murray,Jecock,64,mjecockl4@mozilla.org,819-456-9067,Male
Phillipp,Boulger,81,pboulgerl5@phpbb.com,724-511-7227,Male
Brita,Barham,42,bbarhaml6@mozilla.com,106-160-5058,Female
Daffie,Carlin,49,dcarlinl7@homestead.com,311-130-5188,Female
Shamus,Sapsforde,67,ssapsfordel8@pagesperso-orange.fr,949-639-5642,Male
Analiese,McGuire,75,amcguirel9@marketwatch.com,548-913-8371,Female
Sashenka,Grigorkin,57,sgrigorkinla@irs.gov,398-726-3116,Female
Teodoro,Scheffler,59,tschefflerlb@google.de,369-555-7436,Male
Linzy,Smorfit,79,lsmorfitlc@virginia.edu,752-780-5369,Female
Ania,Shaul,55,ashaulld@over-blog.com,145-229-7380,Female
Rodrique,Meenan,59,rmeenanle@livejournal.com,247-531-6465,Male
Rosie,Paulucci,27,rpauluccilf@dedecms.com,698-438-5003,Non-binary
Kent,Broddle,40,kbroddlelg@omniture.com,235-248-5001,Male
Osgood,Bark,40,obarklh@ocn.ne.jp,819-326-5707,Male
Euell,Hansley,57,ehansleyli@flickr.com,690-657-8610,Male
Prentice,de Zamora,30,pdezamoralj@epa.gov,334-172-5563,Male
Parke,Fairs,63,pfairslk@merriam-webster.com,969-737-6914,Male
Lanette,Andrewartha,20,landrewarthall@storify.com,299-318-9259,Female
Michaelina,Battison,64,mbattisonlm@bloglovin.com,747-243-1906,Female
Nicki,Gunby,46,ngunbyln@nifty.com,501-282-4079,Female
Hannis,Corain,56,hcorainlo@ebay.co.uk,746-926-7746,Female
Rupert,Sallan,41,rsallanlp@google.com.hk,856-419-9376,Male
Chiquita,Tremblett,81,ctremblettlq@cisco.com,509-698-3626,Female
Ram,Kermit,34,rkermitlr@aboutads.info,252-658-3335,Male
Kristofer,Longwood,82,klongwoodls@youtube.com,728-420-0857,Male
Bram,Lilliman,55,blillimanlt@bizjournals.com,293-340-4810,Male
Willie,Slocumb,85,wslocumblu@hexun.com,713-484-9174,Male
Giordano,Wrey,84,gwreylv@icq.com,955-653-4886,Male
Celinda,Smithend,29,csmithendlw@lycos.com,562-611-0310,Non-binary
Jarred,Hrishanok,52,jhrishanoklx@acquirethisname.com,299-115-3321,Male
Horatius,Ainsby,78,hainsbyly@dyndns.org,715-530-3003,Male
Lolita,Reading,78,lreadinglz@omniture.com,611-416-9743,Female
Mariette,Kenningham,23,mkenninghamm0@storify.com,390-858-1653,Female
Sigfried,Chinge de Hals,19,schingedehalsm1@quantcast.com,440-252-8935,Male
Martynne,Marns,45,mmarnsm2@slashdot.org,163-796-2979,Genderfluid
Alf,Galpin,48,agalpinm3@google.co.jp,250-654-4075,Male
Keith,Derington,69,kderingtonm4@uol.com.br,639-447-3277,Polygender
Kendell,Timpany,68,ktimpanym5@kickstarter.com,736-952-3039,Male
Richart,Greengrass,35,rgreengrassm6@usnews.com,672-442-0348,Male
Rosalynd,Kimmerling,19,rkimmerlingm7@bluehost.com,946-196-1834,Female
Clim,Deble,32,cdeblem8@weibo.com,375-764-3727,Male
Lusa,Stainson,84,lstainsonm9@yandex.ru,663-277-1189,Female
Hebert,Tute,58,htutema@1und1.de,899-432-2290,Male
Morty,Hulls,58,mhullsmb@altervista.org,753-285-7227,Male
Hannie,Georgeau,39,hgeorgeaumc@issuu.com,827-635-0233,Female
Ange,Giacomo,26,agiacomomd@weibo.com,173-672-9740,Male
Connie,Arnott,29,carnottme@arizona.edu,753-766-7247,Female
Georgetta,Tumasian,42,gtumasianmf@multiply.com,180-984-2017,Female
Nahum,Rehor,71,nrehormg@stumbleupon.com,385-932-9337,Male
Dre,Davids,84,ddavidsmh@ucoz.com,533-962-5747,Female
Elsie,Spear,50,espearmi@cpanel.net,754-169-9491,Female
Homerus,Pencot,64,hpencotmj@hubpages.com,544-500-3231,Male
Kelvin,Hinksen,82,khinksenmk@cbslocal.com,781-656-8933,Male
Nicolas,Fernier,69,nfernierml@moonfruit.com,534-205-1139,Male
Natale,MacKessock,57,nmackessockmm@uol.com.br,435-940-2504,Male
Mellisa,Schwandner,47,mschwandnermn@state.gov,369-906-3265,Female
Umberto,Canham,25,ucanhammo@liveinternet.ru,667-404-7928,Male
Dill,Brydie,37,dbrydiemp@newsvine.com,188-492-3282,Male
Cordell,Czapla,58,cczaplamq@indiegogo.com,469-704-5730,Male
Caprice,Milam,28,cmilammr@google.com.br,369-905-3001,Bigender
Donna,Frowen,83,dfrowenms@virginia.edu,200-637-7841,Female
Markos,Bartolomivis,31,mbartolomivismt@geocities.jp,769-682-6389,Non-binary
Calv,Mark,29,cmarkmu@umich.edu,708-177-6538,Male
Ginnifer,Smiths,75,gsmithsmv@smugmug.com,953-738-8656,Female
Frederic,Mailey,68,fmaileymw@kickstarter.com,719-161-6906,Male
Pauline,Quinevan,69,pquinevanmx@flavors.me,794-429-6191,Non-binary
Avivah,Treweela,24,atreweelamy@nifty.com,595-183-0112,Female
Melloney,Dyzart,72,mdyzartmz@senate.gov,335-281-9763,Genderfluid
Darrick,Winchcum,82,dwinchcumn0@economist.com,520-519-0867,Male
Drusie,Sheldrick,48,dsheldrickn1@live.com,124-661-2966,Female
Cherey,Give,23,cgiven2@state.tx.us,171-644-0639,Female
Kamillah,Bamell,35,kbamelln3@biblegateway.com,631-877-7808,Female
Carolus,Merry,50,cmerryn4@spiegel.de,521-453-2609,Male
Morissa,Mandrake,76,mmandraken5@list-manage.com,987-935-5712,Polygender
Dannel,Harraway,64,dharrawayn6@linkedin.com,799-248-1162,Male
Tamera,McCurtain,58,tmccurtainn7@businessinsider.com,552-507-2235,Female
Meridith,Haycraft,57,mhaycraftn8@goo.ne.jp,539-688-4283,Female
Roberta,Shaxby,65,rshaxbyn9@irs.gov,996-550-5884,Female
Codie,Hand,61,chandna@sbwire.com,593-778-3848,Male
Rosabella,Prosek,77,rproseknb@squarespace.com,448-803-8902,Female
Hildagarde,Servante,75,hservantenc@msn.com,425-290-2214,Female
Amil,Godfroy,21,agodfroynd@mozilla.org,490-501-9789,Female
Milli,Beeho,35,mbeehone@twitpic.com,466-185-4164,Genderfluid
Tracey,Esom,59,tesomnf@cpanel.net,620-149-1907,Bigender
Hugibert,Reyne,23,hreyneng@china.com.cn,509-149-9554,Male
Diandra,Couling,40,dcoulingnh@narod.ru,970-238-4596,Female
Cammy,Eton,27,cetonni@over-blog.com,325-616-2873,Male
Carree,Broadey,53,cbroadeynj@google.com,579-786-0522,Female
Barny,Lorand,68,blorandnk@wiley.com,436-578-1488,Male
Rosabelle,Tincknell,57,rtincknellnl@networkadvertising.org,173-951-8049,Bigender
Devinne,Chinery,61,dchinerynm@sciencedirect.com,847-235-7115,Bigender
Othilie,Panniers,37,opanniersnn@typepad.com,253-667-7015,Female
Merwyn,Ciccarelli,66,mciccarellino@vinaora.com,140-766-9363,Male
Franky,O'Shaughnessy,55,foshaughnessynp@columbia.edu,726-391-4777,Female
Sibyl,Mieville,35,smievillenq@noaa.gov,717-661-6440,Female
Kerianne,Dollin,75,kdollinnr@cisco.com,885-558-3491,Female
Tirrell,Zuanazzi,50,tzuanazzins@opera.com,938-942-6154,Male
Evvy,Phillp,56,ephillpnt@phoca.cz,388-174-0712,Female
Tammi,Iacomi,67,tiacominu@loc.gov,542-402-3980,Female
Jerald,Arrell,27,jarrellnv@youtube.com,115-738-6673,Male
Friedrick,Gorse,40,fgorsenw@mail.ru,707-453-1079,Male
Constantin,Cleverly,68,ccleverlynx@bigcartel.com,591-895-2795,Male
Cedric,Furmonger,36,cfurmongerny@harvard.edu,327-925-3190,Male
Miquela,Eyam,43,meyamnz@bloglines.com,807-218-0498,Genderfluid
Dosi,MacCole,32,dmaccoleo0@nationalgeographic.com,572-288-1767,Female
Chevy,Charsley,23,ccharsleyo1@1688.com,544-167-8322,Male
Evie,Cowen,33,ecoweno2@stanford.edu,542-999-9848,Female
Edik,Tibalt,83,etibalto3@cnet.com,951-268-0421,Male
Tann,Scolding,25,tscoldingo4@nsw.gov.au,606-234-7368,Male
Daphene,Boddice,62,dboddiceo5@topsy.com,609-945-9018,Female
Aldric,Tarply,34,atarplyo6@sbwire.com,984-250-9861,Male
Agneta,Clemits,26,aclemitso7@friendfeed.com,351-438-6543,Female
Thibaut,Lothlorien,30,tlothlorieno8@google.fr,638-760-1647,Male
Heddi,Best,24,hbesto9@diigo.com,525-174-0541,Female
Millard,Feilden,64,mfeildenoa@plala.or.jp,291-322-2356,Male
Dierdre,Doby,50,ddobyob@bloglovin.com,466-126-5541,Female
Avictor,Morrissey,73,amorrisseyoc@tamu.edu,501-740-1448,Male
Timofei,Darling,47,tdarlingod@unblog.fr,284-208-9223,Male
Lia,Matzl,84,lmatzloe@webmd.com,213-554-5637,Non-binary
Gibbie,Gehrtz,85,ggehrtzof@huffingtonpost.com,187-308-4692,Male
Quintus,Dailey,49,qdaileyog@bloglines.com,994-482-5733,Male
Carolynn,Bechley,51,cbechleyoh@soundcloud.com,547-858-0106,Female
Jonathan,Williamson,58,jwilliamsonoi@furl.net,806-836-7555,Male
Jamie,Vanyashin,70,jvanyashinoj@hugedomains.com,142-563-4682,Male
Thaddus,Mackneis,51,tmackneisok@tumblr.com,611-407-7647,Male
Ynez,Espadate,64,yespadateol@yelp.com,937-648-9732,Female
Renie,Crannis,36,rcrannisom@sitemeter.com,964-811-0406,Female
Marrissa,Portingale,81,mportingaleon@jugem.jp,890-829-9791,Female
Felizio,Hackney,72,fhackneyoo@sohu.com,455-239-0929,Male
Nance,Colles,43,ncollesop@economist.com,366-872-0106,Female
Sharai,Eldred,45,seldredoq@redcross.org,619-809-7139,Female
Martyn,Scowen,77,mscowenor@histats.com,720-745-1827,Agender
Veronique,Pristnor,68,vpristnoros@ted.com,221-935-5335,Non-binary
Cordi,Josefs,36,cjosefsot@tripod.com,850-956-6389,Female
Arnuad,Moncur,38,amoncurou@google.ca,400-917-8893,Male
Erna,Penny,42,epennyov@goo.ne.jp,825-159-0271,Female
Hube,Parken,66,hparkenow@admin.ch,160-651-5954,Male
Pamela,Scrivens,51,pscrivensox@imdb.com,396-289-8965,Female
Beth,Urch,38,burchoy@chron.com,882-754-1105,Female
Dorie,Schuck,77,dschuckoz@nbcnews.com,625-936-0157,Female
Terence,Demoge,31,tdemogep0@fema.gov,440-369-0557,Male
Lucien,Vincent,19,lvincentp1@creativecommons.org,283-696-3918,Male
Hi,Reeds,81,hreedsp2@networksolutions.com,539-894-8592,Male
Lesley,Attac,44,lattacp3@plala.or.jp,100-840-6676,Female
Meggie,Frizzell,52,mfrizzellp4@plala.or.jp,963-615-8289,Female
Rufe,Dumbarton,72,rdumbartonp5@mozilla.com,870-895-5852,Male
Hayes,Camerati,55,hcameratip6@shareasale.com,101-222-9327,Male
Elmo,Drysdale,52,edrysdalep7@bloomberg.com,442-125-2845,Male
Danya,Lachaize,28,dlachaizep8@over-blog.com,279-288-4391,Female
Katy,Brazelton,46,kbrazeltonp9@theguardian.com,501-679-5888,Female
Livvyy,Hamflett,53,lhamflettpa@yahoo.co.jp,628-879-5129,Female
Tracie,Pantridge,32,tpantridgepb@unc.edu,121-858-5546,Male
Rosmunda,Siley,56,rsileypc@chron.com,716-325-2233,Female
Booth,Blakebrough,55,bblakebroughpd@yale.edu,957-225-1703,Male
Cash,O' Brian,59,cobrianpe@eventbrite.com,352-515-6150,Male
Enrica,Silmon,55,esilmonpf@cmu.edu,721-213-1636,Female
Mischa,McKibbin,84,mmckibbinpg@sakura.ne.jp,905-765-6232,Male
Stanislaus,Aurelius,76,saureliusph@webeden.co.uk,622-919-1971,Male
Duffy,Pieterick,31,dpieterickpi@si.edu,313-788-6188,Male
Leroi,Boxhill,38,lboxhillpj@twitter.com,775-908-3915,Male
Marvin,Brayne,71,mbraynepk@vinaora.com,722-269-4018,Male
Lesley,Stollenbecker,84,lstollenbeckerpl@uol.com.br,680-139-1061,Genderqueer
Skippie,Ducaen,73,sducaenpm@toplist.cz,104-929-0978,Male
Serene,McGeady,73,smcgeadypn@nasa.gov,576-197-3407,Female
Pyotr,Rulten,36,prultenpo@discovery.com,281-143-0360,Male
Harriott,Fuente,42,hfuentepp@last.fm,339-357-6811,Female
Kaylee,Torrance,35,ktorrancepq@reddit.com,759-999-7950,Female
Dewey,Harrisson,23,dharrissonpr@globo.com,102-907-7528,Male
Orville,Grimwad,22,ogrimwadps@bigcartel.com,834-839-2162,Male
Yasmin,Castagne,54,ycastagnept@scribd.com,229-347-3659,Female
Lev,Hamberston,32,lhamberstonpu@sogou.com,677-692-3633,Male
Esma,Winfred,19,ewinfredpv@thetimes.co.uk,429-734-9330,Female
Hillary,Jerrim,28,hjerrimpw@boston.com,564-752-6709,Male
Todd,Dear,42,tdearpx@vistaprint.com,109-590-3322,Male
Orazio,MacSharry,66,omacsharrypy@live.com,157-720-1338,Male
Gabbi,Kubik,54,gkubikpz@wisc.edu,107-773-0709,Female
Grove,Le Count,81,glecountq0@squarespace.com,516-434-7657,Male
Fields,Gayler,76,fgaylerq1@discuz.net,549-519-5724,Male
Vasily,Scothron,57,vscothronq2@booking.com,982-216-1960,Male
Demetre,Risely,60,driselyq3@csmonitor.com,718-187-7388,Male
Rudiger,Tanzig,53,rtanzigq4@zdnet.com,347-290-4877,Male
Dorri,Stare,23,dstareq5@mac.com,867-781-5165,Female
Joleen,Van Leeuwen,54,jvanleeuwenq6@webs.com,753-381-8913,Female
Monica,Middlebrook,32,mmiddlebrookq7@google.com.au,838-574-9929,Female
Ramsey,Doulton,61,rdoultonq8@netscape.com,828-315-1275,Genderfluid
Dyane,Shenton,72,dshentonq9@marketwatch.com,451-117-7263,Female
Janice,Lettley,45,jlettleyqa@joomla.org,970-141-2470,Female
Dietrich,Rentilll,30,drentilllqb@squidoo.com,747-813-3031,Male
Carolyne,Pavy,74,cpavyqc@irs.gov,146-341-5307,Female
Hynda,Haseley,27,hhaseleyqd@meetup.com,411-677-2485,Genderfluid
Bernadette,Ashbolt,28,bashboltqe@businessweek.com,568-797-1525,Female
Keane,Cassie,50,kcassieqf@google.com.br,596-241-6810,Male
Jennica,O'Hallagan,48,johallaganqg@facebook.com,569-466-9247,Female
Lars,Cloney,80,lcloneyqh@merriam-webster.com,206-702-5479,Male
Dareen,Wiltshaw,60,dwiltshawqi@xrea.com,874-514-9952,Female
Joshia,Rigby,45,jrigbyqj@engadget.com,234-655-9062,Male
Loralee,Brownill,45,lbrownillqk@weebly.com,123-804-1510,Female
Carley,Clampett,75,cclampettql@naver.com,920-870-1411,Female
Shae,Molyneux,34,smolyneuxqm@state.tx.us,144-520-3244,Male
Moses,Riha,45,mrihaqn@goo.gl,503-205-8774,Male
Munroe,Bramstom,60,mbramstomqo@usa.gov,860-888-4082,Male
Lusa,Siemianowicz,74,lsiemianowiczqp@nhs.uk,941-303-1635,Female
Giselbert,Beidebeke,46,gbeidebekeqq@ucsd.edu,181-702-1191,Male
Ellswerth,Aynscombe,34,eaynscombeqr@mlb.com,997-971-8020,Male
Fawne,Alton,78,faltonqs@imdb.com,502-210-9128,Female
Dosi,Bartolomieu,18,dbartolomieuqt@ucsd.edu,916-574-4525,Female
Pris,Machan,52,pmachanqu@wp.com,883-114-5691,Female
Thadeus,Grant,66,tgrantqv@google.fr,406-338-6424,Male
Lily,Gowlett,64,lgowlettqw@bloglovin.com,735-235-5671,Female
Giles,De la Yglesias,48,gdelayglesiasqx@cdc.gov,881-246-8525,Male
Staford,Vasilevich,60,svasilevichqy@weather.com,373-345-3708,Male
Kasey,Tillerton,68,ktillertonqz@nhs.uk,496-637-1431,Female
Lorilyn,Mengo,74,lmengor0@jiathis.com,404-775-8293,Non-binary
Dione,Kettridge,35,dkettridger1@springer.com,643-763-1760,Female
Lorne,Bradwell,65,lbradwellr2@npr.org,161-716-4348,Male
Finlay,Purvess,39,fpurvessr3@slate.com,324-854-5887,Male
Gavan,Bohlsen,69,gbohlsenr4@vistaprint.com,256-417-0562,Male
Joshia,Dibnah,61,jdibnahr5@over-blog.com,610-541-9593,Male
Jilli,Van der Hoven,73,jvanderhovenr6@bandcamp.com,200-199-8043,Polygender
Nahum,Glazzard,68,nglazzardr7@is.gd,851-988-3788,Non-binary
Osborn,Scutter,45,oscutterr8@amazon.co.jp,469-477-4564,Male
Toddy,Plues,21,tpluesr9@yolasite.com,685-618-8642,Agender
Matt,Twiggins,77,mtwigginsra@europa.eu,195-577-3238,Male
Dulce,Draayer,35,ddraayerrb@xing.com,663-538-5565,Female
Maryanna,Tordoff,73,mtordoffrc@themeforest.net,970-471-6034,Female
Gottfried,Browse,77,gbrowserd@omniture.com,461-869-7580,Male
Fredek,Vasenin,75,fvaseninre@ucsd.edu,907-210-0691,Male
Faydra,Sarfat,31,fsarfatrf@nba.com,400-651-2869,Female
Lenci,Ivantyev,25,livantyevrg@earthlink.net,487-243-9875,Male
Dan,Scad,61,dscadrh@ucla.edu,628-413-8738,Male
Obediah,Bly,50,oblyri@state.tx.us,969-925-3258,Male
Mendel,Brightman,29,mbrightmanrj@w3.org,307-595-9509,Male
Dianne,Seak,21,dseakrk@harvard.edu,656-519-6269,Female
Hobard,Brader,35,hbraderrl@ask.com,611-243-3804,Male
Sibeal,De Gregoli,78,sdegregolirm@rakuten.co.jp,273-395-7013,Agender
Sampson,Lamont,23,slamontrn@cbslocal.com,794-804-9836,Male
Isahella,Bernardeschi,28,ibernardeschiro@irs.gov,562-851-6333,Female
Dell,Tutsell,78,dtutsellrp@wordpress.org,455-902-9301,Male
Arlin,Gooderham,38,agooderhamrq@china.com.cn,395-399-1027,Male
Moss,Bearns,26,mbearnsrr@instagram.com,439-999-1840,Male
