name_product,inventory,cost,supplier_id
Whole Wheat Pita Bread,176,$272.35,3
Ice Cream,184,$293.61,14
Camping Tarp,128,$407.97,24
Vegan Mayonnaise,87,$72.59,9
Berries Medley,143,$208.52,24
Eco-Friendly Cleaning Cloths,98,$121.69,24
Avocado Oil,89,$125.66,41
Kids' Trampoline,21,$128.47,23
Vegan Tacos,139,$185.34,16
Frozen Broccoli,216,$364.17,49
Weighted Blanket for Adults,106,$414.78,2
Cajun Seasoning,182,$286.36,33
Sweet BBQ Dipping Sauce,119,$286.77,5
Puzzle Game Set,213,$334.21,34
Lentils,231,$113.90,45
Chocolate Peanut Butter Cups,96,$441.58,10
Quality Chef Apron,64,$149.61,24
Acoustic Guitar,215,$425.13,32
Sushi Roll Kit,180,$416.36,1
Pet Grooming Scissors,242,$292.64,20
Leather Wallet,26,$265.74,1
Sooji (Semolina),128,$281.24,41
Fettuccine Alfredo Dinner Kit,88,$352.24,20
Maple Bacon Potato Chips,40,$444.69,7
Magnetic Spice Jars,62,$119.27,20
Grilled Veggie Burgers,196,$171.70,2
Crispy Onion Rings,47,$95.28,40
Organic Brown Rice Cakes,29,$193.80,47
Travel Shoe Bags Set,12,$206.94,31
Silicone Ice Cube Tray,173,$55.64,13
Fitness Resistance Bands Kit,132,$146.15,11
Non-Toxic Concrete Sealer,225,$191.36,41
Electric Food Steamer,46,$167.73,23
Safety First Aid Kit,52,$319.56,17
Car Seat Organizer,236,$263.06,6
Marinara Parmesan Baked Ziti,47,$286.77,20
Mesh Sports Leggings,176,$250.70,27
Ice Cream Scoop,134,$421.21,42
Ricotta Cheese,235,$222.08,11
Balsamic Vinaigrette,33,$242.50,6
White Rice,192,$97.78,16
Ramen Noodles,70,$286.94,30
Sweet Potato Mash,26,$419.80,27
Plaid Flannel Shirt,97,$425.35,15
Insulated Wine Tote,142,$53.66,16
Scented Candle Set,243,$127.73,22
Organic Blueberries,150,$93.20,46
Beef Tacos,152,$362.39,17
Soft Plush Throw Blanket,228,$69.94,46
Chic Jumpsuit,28,$93.88,25
Microwave Popcorn Maker,37,$185.50,36
Comfy Slippers,250,$63.39,30
Smart Wi-Fi Camera,80,$231.39,30
Popcorn Chicken,171,$414.71,47
Spinach Feta Wraps,213,$285.03,39
Chocolate Mint Thins,135,$111.96,3
Rain Jacket,42,$401.27,25
Glass Food Containers,41,$249.48,1
Plant Growing Kit,185,$306.64,33
Almond Coconut Granola,245,$172.39,19
Coconut Cream Pie Mix,159,$358.99,39
Ergonomic Mouse Pad with Wrist Support,148,$224.71,47
Greek Yogurt Parfait,186,$122.66,35
Spinach and Feta Wraps,39,$342.87,7
Mango Chilli Sauce,73,$445.50,42
Sriracha Hot Chili Sauce,226,$440.89,38
Natural Peanut Butter,225,$341.87,16
Fridge Magnet Set,100,$102.34,9
LED Desk Lamp,37,$366.87,2
Reusable Produce Bags Set,147,$58.70,7
Classic Cheeseburger Mix,36,$356.49,16
Spaghetti Sauce,104,$431.87,2
Travel Shoe Bags Set,249,$165.95,14
Set of Gardening Gloves with Claws,177,$124.84,25
Foldable Yoga Mat,129,$154.18,30
Brown Rice,172,$96.24,19
Soft Plush Throw Blanket,152,$195.61,8
Pecan Nuts,70,$78.11,20
Digital Alarm Clock,20,$375.32,36
Low-Fat Yogurt,155,$240.15,24
Air Fryer Oven,130,$75.82,11
Travel Laundry Bag,83,$251.52,41
Screen Cleaning Kit,172,$141.38,36
Almond Butter Granola Bars,52,$434.51,28
Apple Cinnamon Granola,136,$385.93,32
Chipotle Black Bean Burger,144,$140.65,11
Cranberry Almond Granola,178,$270.61,37
Feta Cheese Crumbles,113,$431.31,13
Travel Shoe Bags Set,81,$202.73,22
Kale Caesar Salad Kit,9,$58.77,16
Roasted Red Pepper Sauce,233,$378.69,40
Smoked Paprika,17,$59.43,27
Sweet Potato Tots,164,$97.44,34
Memory Card,226,$365.48,44
Solar Charger,206,$306.15,43
Garden Tool Belt,119,$67.55,1
Rice Cakes,152,$221.17,1
Vegetable Chips,155,$128.75,41
Honey Sriracha Chicken Bites,63,$365.59,18
Dried Cranberries,35,$325.41,29
Electric Kettle,148,$268.10,7
Pocket Blanket,177,$165.17,40
Organic Cucumber,68,$86.86,35
Almond Flour Bread Mix,167,$345.21,36
Portable USB-C Monitor,156,$230.56,40
Fashionable Belt Bag,171,$272.44,8
Brussels Sprouts,90,$249.22,17
Wireless Gaming Mouse,77,$275.27,28
Weighted Blanket,233,$235.11,35
Portable SSD,72,$229.75,14
Cinnamon Raisin Bread,51,$181.41,19
Teriyaki Chicken Bowl,199,$60.17,38
Eco-Friendly Stainless Steel Straws,220,$167.06,34
Cranberry Juice,38,$65.71,7
Sketchbook,60,$439.29,10
Handmade Wooden Utensil Set,49,$60.94,3
Water-Resistant Bluetooth Speaker,134,$348.30,34
Mini Electric Kettle,191,$82.04,39
Nutty Quinoa Salad,198,$327.26,6
Action Camera,59,$259.10,29
Canned Coconut Milk,144,$159.81,48
Organic Brown Rice Cakes,212,$311.91,26
Cordless Electric Screwdriver,175,$348.91,41
USB Flash Drive,93,$371.73,32
Dog Training Whistle,53,$370.42,38
Zesty Garlic Marinade,113,$330.76,1
Yoga Strap,91,$84.77,44
Chocolate Hazelnut Granola,79,$87.51,4
Cranberry Orange Juice,48,$61.09,45
Herb-Infused Olive Oil,77,$120.39,39
Rustic Italian Bread,162,$293.37,9
Beef Enchilada Casserole,169,$215.06,39
Grapes (red),239,$255.54,12
Chocolate Mint Cookies,175,$236.91,24
Chic Jumpsuit,35,$111.94,49
Car Emergency Kit,22,$348.06,43
Ginger Turmeric Latte Mix,88,$119.59,1
Sourdough Bread,90,$364.89,20
Chocolate Mint Protein Shake,241,$345.68,38
LED Table Lamp,92,$70.83,47
Fried Rice,248,$346.30,42
Vegetable Stir Fry Mix,91,$189.34,2
Wall-Mounted Bookshelf,11,$261.33,43
Fresh Basil Pesto,57,$84.66,4
Organic Quinoa Salad,200,$299.58,44
Strawberry Rhubarb Jam,73,$179.52,30
Smoked Gouda Cheese,209,$262.25,31
Spicy Avocado Salsa,241,$70.21,33
Interactive Robot Toy,24,$342.43,14
Potting Soil,88,$107.50,24
Black Olives,97,$362.90,31
Herb-Infused Olive Oil,82,$378.96,1
Computer Monitor Stand,208,$444.89,3
Electric Rice Cooker,195,$447.87,26
Sunglasses,246,$246.37,44
LED Disco Ball Light,44,$397.64,36
Coconut Cream Pie Yogurt,118,$237.88,27
Travel Pillow with Memory Foam,18,$410.91,48
Customizable Name Puzzle,144,$137.17,42
Fleece Throw Blanket,3,$307.97,19
Watercolor Set,169,$413.26,8
Peach & Mango Salsa,122,$193.24,43
Red Lentils,77,$346.97,48
Chic Ankle Strap Heels,38,$104.95,37
Shatterproof Wine Glasses,48,$220.33,36
Casual Cropped Sweater,84,$305.96,23
Multi-Purpose Plant Care Tool,238,$69.68,22
Herb Seasoned Rice,243,$77.78,42
Zesty Garlic Hummus,237,$130.22,4
Scented Candle Set,198,$197.00,36
Home Cleaning Robot,98,$412.06,5
High-Low Hem Tee,227,$135.95,50
Handheld Vacuum,196,$177.56,44
Buffalo Style Cauliflower Bites,86,$415.87,39
Vegan Mac & Cheese,146,$402.00,21
Honey Garlic Sauce,5,$388.60,18
Wireless Gaming Mouse,202,$246.95,18
Organic Coconut Flour,238,$109.32,21
Thai Peanut Dressing,131,$141.79,35
Chicken Sausage,187,$95.65,50
Electric Hot Pot,6,$405.05,13
Vegan Protein Powder,92,$244.34,23
Hot Salsa,148,$176.30,6
Vegetable Stock,184,$78.09,29
Organic Tomato Ketchup,19,$403.40,35
Honey Butter Popcorn,56,$209.83,24
Screen Cleaning Kit,43,$349.31,44
Savory Trail Mix,180,$448.51,11
Pet Food Storage Container,148,$242.16,2
Almond Flour Pancake Mix,220,$351.69,21
Smartphone Projector,160,$338.70,25
Smartphone Projector,244,$157.07,35
Non-Stick Crepe Pan,176,$387.29,24
Handmade Wooden Utensil Set,71,$124.16,27
Oven-Baked Sweet Potato Fries,44,$257.90,12
Chiffon Blouse,190,$267.17,23
Reusable Food Storage Bags,196,$324.94,28
Belted Trench Coat,228,$442.66,22
Men's Waterproof Hiking Boots,104,$398.40,7
Almond Flour Brownies,153,$169.28,8
Cinnamon Raisin Bagels,235,$171.46,32
Electric Screwdriver,130,$124.52,27
Chili Lime Seasoning,169,$72.16,35
Honey Nut Cheerios,164,$429.74,11
Chili Lime Corn Chips,193,$369.86,34
Kale Salad with Lemon Dressing,203,$239.92,10
Art Supplies Organizer,164,$282.63,1
Blueberry Oatmeal Cups,208,$116.07,23
Collapsible Folding Chair,66,$127.64,48
Ramen Noodles,203,$336.88,45
Chipotle Lime Salsa,117,$70.00,38
Stainless Steel Mixing Bowls,191,$277.84,10
Peach Mango Smoothie,83,$373.55,2
Thai Red Curry Paste,75,$304.14,31
Trail Mix (Deluxe),58,$430.39,1
Snack Container Set,40,$193.37,9
Coconut Almond Granola,108,$302.24,32
Safety First Aid Kit,95,$66.51,17
Pork Chops,21,$403.39,20
Suction Cup Hooks,216,$81.44,18
Adjustable Laptop Desk,150,$441.16,35
Sliced Provolone Cheese,100,$235.37,49
Multi-Port USB Hub,143,$115.48,48
Chili Garlic Sauce,154,$250.50,24
Mechanical Keyboard,66,$159.57,5
Zesty Garlic Marinade,53,$176.78,38
Freestanding Wine Rack,229,$126.53,15
Roasted Red Pepper Sauce,56,$144.04,46
Fruit and Nut Medley,104,$390.98,47
Jennifer's Amazing Lip Balm Kit,218,$258.63,25
Mini Projector,189,$141.49,7
Comfort Flats,131,$258.24,35
Oven-Baked Sweet Potato Fries,177,$411.15,12
Scented Candles,55,$193.00,30
Sturdy Bookends,59,$376.33,49
Kettle Chip Variety Pack,24,$232.82,12
Honey Garlic Sauce,231,$321.62,50
Canned Black Beans,188,$178.97,3
Italian Sausage and Peppers,220,$125.63,4
Vegetable Pizza Rolls,56,$372.99,41
Classic Cheesecake Mix,10,$212.61,43
Blueberry Muffin Mix,17,$417.70,44
Watercolor Set,216,$425.82,44
Puzzle Game Set,205,$357.68,25
Pet Travel Backpack Carrier,168,$433.32,43
Eco-Friendly Yoga Mat,99,$52.52,16
Frozen Mixed Vegetables,60,$69.08,24
Portable Projector,1,$422.23,4
Organic Almond Flour,218,$277.34,38
Maple Bacon Jerky,180,$442.05,1
Belted Trench Coat,208,$391.20,34
Cocoa Powder,142,$345.61,16
Beef Stroganoff Mix,201,$343.74,3
Couscous Mix,231,$332.77,12
Chicken Broth,171,$409.91,11
Teriyaki Salmon Fillets,120,$349.85,11
Tandoori Chicken Skewers,207,$156.17,8
Reversible Swimming Pool Lounger,40,$286.50,20
Portable Camping Stove,99,$259.90,10
Raisin Cinnamon Granola,124,$229.57,7
Smart Wi-Fi Camera,250,$311.22,4
Silicone Wine Glasses,71,$364.14,38
Pumpkin Spice Cookies,137,$279.53,20
Hibiscus Herbal Tea,209,$58.67,50
Sweet Potato & Kale Hash,155,$369.23,16
Basic V-Neck T-Shirt,41,$245.51,3
Mechanical Keyboard,19,$161.03,32
Low-Fat Cottage Cheese,11,$343.92,20
Sliced Strawberries,96,$212.17,20
Dish Rack,94,$79.67,41
Dried Apricots,66,$351.66,50
Heavy-Duty Utility Tote,179,$400.92,5
Elegant Maxi Skirt,184,$116.35,28
Compact Umbrella,176,$213.61,6
Outdoor Camping Lantern,181,$337.86,37
Portable Air Conditioner,144,$419.90,19
Cinnamon Spiced Almonds,45,$192.60,9
Cheese Stuffed Jalapenos,26,$107.98,46
Wireless Mouse,160,$177.71,18
Lemon Sorbet,239,$373.97,46
Kale & Quinoa Salad Mix,160,$297.51,38
Coconut Cream Pie,125,$345.47,24
Tomato Paste,7,$273.80,21
Magic Color-Changing Mug,19,$423.72,11
Pet First Aid Kit,87,$288.85,45
Ultra-Thin Laptop Sleeve,21,$149.91,47
Collapsible Camping Cup,221,$421.67,18
Eco-Friendly Yoga Mat,35,$215.09,26
Wireless Keyboard and Mouse Combo,221,$227.78,13
Mini Electric Kettle,108,$127.02,17
Memory Foam Pillow,184,$397.42,24
Black Bean Spaghetti,83,$356.93,3
Instant Mashed Potatoes,211,$71.24,11
Window Blinds,194,$191.47,23
Wall-Mounted Wine Rack,93,$323.43,12
Spicy Tuna Sushi Kit,226,$125.62,8
Granola,191,$93.82,36
Mini Fondue Set,35,$428.15,34
Honey Ginger Tea,108,$317.39,15
Oven Mitts with Pocket,22,$345.21,5
Bock Beer Mustard,128,$181.70,18
Puzzle,22,$281.42,35
Miso Soup Mix,149,$81.31,36
Electronic Drum Kit,48,$210.41,8
Adjustable Kneeling Pad,81,$236.13,4
Belted Trench Coat,136,$195.77,5
Garden Hose Reel,32,$158.02,43
Honey Butter Popcorn,220,$89.02,16
Ice Cream,222,$448.05,26
Magnetic Spice Containers,118,$139.91,7
Pecan Nuts,81,$195.76,10
Red Lentils,131,$195.87,5
Vegetable Chips,42,$90.19,1
Compact Umbrella,183,$319.07,4
Pasta Sauce Mix,45,$417.09,14
Frozen Salmon Filets,89,$368.02,24
Buffalo Stilton Cheese,14,$425.98,43
Magnetic Screen Door,229,$220.25,32
Herb-Infused Olive Oil,21,$50.43,8
Acoustic Guitar,249,$199.20,4
Natural Soy Candles,69,$52.84,3
Biodegradable Trash Bags,71,$292.57,21
Beard Grooming Kit,51,$76.50,32
Diced Tomatoes (canned),177,$74.31,12
Cheddar & Bacon Potato Skins,241,$143.20,24
Steak Seasoning Rub,72,$306.74,38
Set of Silicone Baking Molds,29,$150.22,34
Portable Folding Picnic Table,139,$364.77,33
Roasted Garlic,9,$446.97,36
Luxury Bath Robe,29,$174.07,4
Almond Flour Cookies,165,$125.34,3
Sweet Corn Fritters,149,$265.09,22
Cucumber Relish,68,$410.10,35
French Onion Dip,237,$269.43,42
Compact Digital Camera,220,$124.11,13
Strawberry Fruit Spread,108,$67.13,36
Beard Grooming Kit,56,$281.05,29
Pet Safety Harness,3,$137.54,42
Pet First Aid Kit,5,$150.53,3
Water Bottle with Built-in Fruit Infuser,245,$106.08,39
Cinnamon Ice Cream,69,$162.19,12
Organic Italian Seasoning,30,$105.40,33
Portable Ice Maker,194,$242.19,17
Organic Granola Cereal,100,$330.71,5
Vegetable Pizza Rolls,156,$285.05,10
Organic Black Bean Burger,194,$349.45,33
LED Strip Lights Kit,55,$128.40,39
Grapes (red),15,$193.95,15
Wine Decanter,87,$307.93,15
Arcade Game Machine,226,$289.74,30
Dried Fruit Medley,62,$314.27,24
Thermostatic Shower Valve Kit,49,$447.23,29
Electric Hot Pot,78,$203.62,32
Fitness Resistance Bands Set,41,$358.34,32
Almond Butter Cookies,34,$392.83,20
Creamy Garlic Dressing,148,$229.12,18
Coconut Oil Spray,18,$128.88,19
Pumpkin Spice Muffins,242,$253.66,36
Chocolate Chip Energy Balls,50,$167.48,14
Maple Bacon Popcorn,19,$283.86,15
Portable Speaker Stand,142,$257.69,45
Eco-Friendly Yoga Blocks,152,$260.42,42
Rice Noodles,236,$323.90,20
Ginger Turmeric Tea,165,$372.51,32
Bamboo Cutting Board Set,213,$174.28,35
Organic Green Apples,175,$71.98,28
LED Strip Light Kit,99,$354.64,7
Over-the-Door Hooks,163,$374.17,17
Sweet Potatoes,179,$167.77,22
Heated Throw Blanket,85,$266.98,28
Foam Building Blocks for Kids,78,$229.17,33
LED Desk Lamp,92,$298.79,4
Lemon Sorbet,105,$204.20,40
Vacuum Sealer Machine,201,$261.96,23
Pumpkin Spice Creamer,224,$231.09,47
Bluetooth Tracker,155,$242.36,39
Eggs (dozen),239,$369.22,48
DIY Lip Balm Kit,45,$293.97,11
Cinnamon Sugar Donuts,217,$231.38,31
Pita Bread,202,$409.03,48
Snack Container Set,67,$157.01,46
Cauliflower Pizza Crust,198,$199.24,22
Dog Car Seat Cover,70,$168.98,50
Energy Protein Bars,16,$377.14,2
Beet Salad,20,$232.32,10
Savory Rice Cakes,26,$150.87,34
Training Soccer Ball,164,$222.40,46
Adjustable Pet Grooming Table,114,$292.27,24
Cacao Nibs,228,$132.70,33
Asian Stir-Fry Vegetables,59,$421.07,26
Luxury Rolling Makeup Case,2,$449.32,18
Cinnamon Spiced Almonds,95,$82.90,26
Ricotta Cheese,248,$174.72,10
Multifunctional Pocket Tool,172,$346.42,22
Herbed Mushroom Risotto,166,$298.24,40
Portable Ice Maker,248,$250.41,17
Magnetic Phone Car Mount,1,$412.64,1
Fitness Jump Rope with LCD Counter,246,$153.32,34
Foot Massager,188,$63.60,39
LED Flashlight,56,$230.38,31
Folding Backpack Chair,244,$57.14,30
Thermostatic Shower Valve Kit,206,$438.33,50
Sweet Chili Thai Sauce,69,$153.05,44
Warm Wool Sweater,183,$396.11,21
Cotton Tote Bag Set,179,$51.88,22
Honeycrisp Apple Chips,159,$346.74,40
Multi-Layer Food Steamer,116,$279.10,25
Graphic Sweatshirt,231,$175.12,44
Brussels Sprouts,17,$262.76,37
Falafel Mix,145,$140.29,1
Savory Quinoa Pudding,85,$71.88,21
Streaming Device,134,$85.41,16
Almond Butter,166,$341.68,19
Kale Salad with Lemon Dressing,96,$356.21,9
Classic Chicken Noodle Soup,80,$298.05,30
Classic Cheeseburger Mix,235,$219.76,48
Kettle Corn Popcorn,228,$56.55,2
Repair Tool Set for Home Improvement,157,$183.21,48
Pet Activity Tracker,233,$165.54,30
Caraway Rye Bread,145,$399.41,38
Herbal Tea Set,215,$186.00,7
Compact Hair Dryer,111,$271.25,18
Body Wash,22,$94.65,3
Crispy Potato Tots,181,$169.40,37
Honey Garlic Chicken,74,$257.23,6
Rice Cakes,8,$230.97,39
Magnetic Curtain Tiebacks,60,$82.00,30
Collapsible Colander,167,$377.59,20
Siphon Coffee Maker,59,$172.70,47
Pasta (Linguine),57,$309.34,19
Mint Chocolate Chip Ice Cream,179,$425.83,8
Travel Hair Straightener,56,$51.05,2
Premium Flashlight,122,$69.53,47
Carrot and Celery Sticks,239,$124.63,39
Portable Phone Charger,146,$375.01,12
Cat Scratching Post with Toys,3,$318.59,5
Body Pillow Case,149,$268.54,29
Sourdough Bread,109,$364.95,36
Outdoor Sports Backpack,119,$118.17,39
Maple Pecan Granola,83,$123.96,45
Coconut Milk Ice Cream,117,$112.74,14
Poppy Seed Dressing,107,$147.63,25
Winter Insulated Jacket,74,$192.17,1
Lentils,220,$109.81,42
Almond Flour Pancake Mix,146,$275.62,19
Chic Jumpsuit,194,$333.35,35
Pet Carrier Backpack,158,$376.64,6
Cranberry Pecan Granola,105,$226.85,25
Sesame Ginger Dressing,106,$292.11,18
Heat-Resistant Silicone Mat,234,$227.00,41
Peach Preserves,120,$441.96,49
Graphic Sweatshirt,147,$76.05,39
Natural Soy Candles,179,$246.93,16
Strawberry Banana Smoothie Pack,85,$332.95,11
Water-Resistant Bluetooth Speaker,208,$116.01,19
Popcorn Chicken,242,$388.87,10
Bluetooth Car Adapter,136,$88.83,19
Sweet Potato and Chickpea Bowl,228,$242.08,15
Avocados,48,$198.08,15
Ginger Turmeric Shots,234,$79.81,10
Honey Ginger Tea,236,$236.64,32
Mango Sticky Rice Dessert,237,$334.43,48
Non-Slip Yoga Socks,248,$411.38,44
Mango Chili Salsa,68,$343.27,27
Pineapple Coconut Bars,54,$218.48,45
Pet Travel Bed,129,$137.47,19
Sliced Provolone Cheese,216,$140.98,15
Trail Mix (Deluxe),96,$199.64,50
Magnetic Phone Case,206,$202.60,2
Apple Cinnamon Instant Oatmeal,224,$400.97,39
Coconut Lime Rice,207,$444.51,5
Elegant Maxi Skirt,136,$91.77,32
Adjustable Dog Harness,162,$408.03,18
Spicy Salsa Verde,150,$189.98,23
Digital Alarm Clock,230,$203.03,18
Cranberry Lime Sparkling Water,12,$206.31,33
Deep Tissue Massage Gun,17,$111.16,7
Garlic Parmesan Wings,78,$395.89,14
Chocolate Mint Thins,234,$421.32,40
Frozen Mixed Vegetables,177,$263.21,20
Canned Coconut Milk,163,$432.24,30
Collapsible Pet Dog Bowl,231,$333.54,6
Elegant Maxi Skirt,198,$387.31,12
Reversible Swimming Pool Lounger,181,$219.75,21
Shoe Organizer,223,$254.85,36
Tandoori Chicken Skewers,93,$238.09,48
Organic Granola Cereal,35,$199.60,48
Vegetable Sushi Rolls,44,$107.48,28
Eco-Friendly Disposable Plates,13,$296.98,42
Peach Slices (canned),85,$170.06,21
Roasted Red Pepper Dip,235,$64.91,17
Pet Carrier Backpack,230,$159.64,42
Sourdough Bread,221,$183.53,11
Car Phone Mount,238,$409.74,22
Dark Chocolate Covered Pretzels,5,$159.21,37
Silicone Ice Cube Tray,40,$440.29,35
Beach Cover-Up,49,$281.71,5
Breezy Off-The-Shoulder Top,204,$364.25,46
Foldable Picnic Table,220,$100.09,50
Hiking Water Bottle with Filter,152,$348.18,26
Pet Hair Vacuum Cleaner Attachment,17,$146.83,30
Chili Beans in Sauce,75,$82.29,2
Canned Coconut Milk,175,$113.95,26
Workstation Laptop Stand,173,$435.36,22
Screen Cleaning Kit,84,$386.89,41
Fitbit Activity Tracker,96,$238.74,37
Honey Mustard Chicken Breasts,140,$260.25,33
Sweet Potatoes (organic),75,$235.03,3
Smart Thermostat,86,$268.47,38
Herbed Mushroom Risotto,250,$267.05,24
Salt and Pepper Grinder Set,223,$171.38,43
Raspberry Vanilla Greek Yogurt,17,$300.68,11
Kettle Chip Variety Pack,118,$93.32,20
Coconut Milk Yogurt,93,$287.45,40
Yoga Mat Carrier,61,$302.27,31
Vegan Alfredo Sauce,81,$343.42,28
Sliced Strawberries,6,$86.68,8
Juice Extractor,61,$289.23,42
Faux Fur Throw Blanket,69,$81.79,49
Fitness Jump Box,37,$298.26,20
Almond Flour Tortillas,135,$260.74,19
Honey Sesame Cashews,226,$293.18,9
Ready-to-Eat Chili,227,$83.02,22
Handmade Wooden Utensil Set,97,$180.02,5
Maple Pecan Oatmeal Cookies,123,$307.83,12
Outdoor Camping Lantern,16,$148.85,48
Non-Stick Grill Mat,199,$360.93,28
Nutritional Yeast,215,$108.52,21
Baby Monitor,65,$125.38,31
Beach Cover-Up,42,$400.50,43
Chopping Board,148,$435.72,38
Teriyaki Salmon Fillets,183,$59.69,2
Mango Chutney,128,$337.84,46
Spicy Roasted Nuts,78,$438.89,15
Set of Silicone Baking Molds,49,$338.24,42
Electric Wax Warmer,209,$317.92,29
Comfortable Bed Pillow,57,$115.46,18
Marinara Sauce,45,$165.67,47
Classic Baseball Cap,179,$430.79,33
Spicy Chicken Wings,6,$243.76,50
Chopping Board,228,$253.64,35
Personal Security Alarm Keychain,115,$99.67,25
Chipotle Black Bean Burger,124,$119.48,40
Almond Flour Biscuits,204,$272.45,49
Vegetable Chips,25,$335.52,5
Portable Pet Bathing Tool,72,$440.57,27
Educational STEM Kit,13,$394.23,3
Marinated Artichokes,117,$185.62,9
Mango Sticky Rice Dessert,206,$419.58,43
Vegetarian Pizza,114,$446.28,32
Knitted Infinity Scarf,238,$306.81,36
Legging Pants,242,$193.99,23
Handcrafted Wooden Jewelry Box,90,$382.45,18
Digital Wireless Meat Thermometer,204,$442.42,9
Kids' Crafting Station,107,$122.47,32
Almond Joy Protein Bars,150,$421.14,30
Eco-Friendly Disposable Plates,246,$156.78,47
Acoustic Guitar,232,$142.06,33
Coconut Granola,229,$386.82,44
Apple Sauce,30,$233.22,14
Banana Nut Muffins,217,$302.51,43
Oversized Denim Shirt,226,$381.40,12
Rustic Wooden Picture Frame,123,$384.09,11
BBQ Jackfruit,30,$178.78,19
Eco-Friendly Stainless Steel Straws,30,$206.45,43
Puzzle Game Set,87,$429.12,44
Frozen Pizza,112,$355.65,16
Balsamic Salad Dressing,38,$121.54,2
Electric Screwdriver,73,$255.86,30
Frozen Spinach,43,$53.88,40
LED Table Lamp,134,$149.57,9
Strawberry Rhubarb Jam,17,$316.11,10
High-Speed Blender,47,$359.23,50
Incense Holder,12,$242.34,19
Chocolate Hazelnut Granola,67,$283.16,35
Classic Pumps,201,$109.05,47
Herbal Tea Sampler Box,75,$318.69,27
Silicone Stretch Lids,203,$148.69,35
Outdoor Fire Pit,74,$424.84,14
Rice Pilaf Mix,116,$212.68,20
Cranberry Almond Cookies,188,$279.35,11
Smartphone Projector,161,$342.08,43
Classic BBQ Sauce,176,$332.90,50
Pet First Aid Kit,143,$446.65,31
Brown Sugar,40,$380.09,36
Voice-Controlled Speaker,81,$281.25,4
Non-Slip Yoga Socks,166,$342.23,32
Sooji (Semolina),151,$300.37,22
Personal Safety Alarm,241,$137.84,13
Dish Rack,183,$371.35,40
Mediterranean Flatbread,46,$68.65,12
Fitness Tracker with Heart Rate Monitor,138,$269.38,15
Asian Stir-Fry Kit,20,$418.58,16
Body Wash,72,$309.35,23
Frozen Fruit Medley,170,$382.75,13
Sliced Olives,192,$423.35,47
Essential Oil Roller Bottles,126,$185.62,22
Fashionable Scarves Set,187,$321.82,48
Banana Peanut Butter Smoothie,133,$208.16,15
LED Christmas Lights,168,$347.70,9
Skincare Set,106,$402.84,6
Puffed Rice Cake,131,$327.66,16
Californian Raisins,205,$206.00,31
Laptop Sleeve,50,$341.44,15
Digital Wireless Meat Thermometer,225,$129.02,47
Memory Foam Pillow,3,$386.10,20
Blue Corn Tortilla Chips,20,$395.97,3
Thai Basil Fried Rice,43,$210.78,49
Caramel Apple Chips,128,$434.09,38
Yoga Mat,139,$133.38,27
Sturdy Bookends,239,$436.29,6
Buffalo Style Cauliflower Bites,31,$224.82,49
Lentil Pasta,204,$76.03,22
Zucchini,235,$123.75,40
Coffee Making Kit,167,$354.18,43
Raspberry Lemonade Mix,82,$71.04,40
Travel Organizer,11,$200.77,6
Foot Massager,238,$279.64,27
Sweet Corn Fritters,97,$180.00,20
Mixed Berry Smoothie Pack,61,$330.42,28
Nut Mix,232,$305.34,46
Portable Solar Generator,140,$248.94,44
Smartphone UV Sanitizer,82,$119.58,8
Cold Brew Coffee Concentrate,247,$253.70,49
Deluxe First Aid Kit,135,$294.15,33
Kids' Art Easel,53,$66.31,49
Non-Toxic Crayons for Kids,76,$249.82,44
Adjustable Pet Feeder,222,$118.30,41
Apple Sauce,182,$116.84,17
Customizable Name Puzzle,34,$410.64,46
Balsamic Glazed Brussels Sprouts,74,$404.75,15
Nut Mix,94,$346.94,46
Spicy Salsa Verde,157,$89.84,48
Coconut Macaroons,8,$399.89,24
Vegetable Broth,245,$117.55,22
Mini Projector for Smartphones,109,$149.00,17
Pesto Pasta Sauce,221,$75.62,49
Vegetable Korma,9,$84.93,11
Thai Red Curry Paste,90,$378.39,32
Travel Document Organizer,103,$100.12,2
Gluten-Free Pancake Mix,17,$178.59,16
Linen Trousers,198,$332.70,25
Body Wash,208,$277.30,41
Sports Water Bottle with Infuser,168,$406.15,40
Avocado Lime Dressing,169,$444.90,32
Sweet Corn Fritters,59,$197.98,18
Banana Nut Muffins,35,$332.02,16
Air Fryer,200,$331.64,16
Roasted Garlic Butter,112,$299.12,26
Caribbean Jerk Marinade,135,$268.00,22
Almond Joy Snack Bars,205,$375.45,25
Smart LED Desk Lamp,117,$428.65,8
Honey Wheat Pretzels,44,$77.42,28
Spicy Thai Noodles,194,$436.75,4
Vegetable Potstickers,238,$384.61,8
Over-the-Door Hooks,40,$230.73,50
LED Christmas Tree Lights,224,$250.91,43
Wild Rice & Quinoa Mix,151,$225.72,3
Infrared Space Heater,5,$94.35,27
Plaid Flannel Shirt,236,$314.47,13
Multicolored LED Strip Lights,249,$342.24,33
Herb-Infused Olive Oil,142,$216.62,24
Wall-Mounted Spice Rack,41,$346.81,3
Reversible Swimming Pool Lounger,190,$260.38,18
Herbed Chicken Breast,4,$107.07,28
Vanilla Protein Powder,198,$167.45,35
Crispy Rice Treats,224,$191.99,8
LED Desk Light,77,$277.42,5
Personal Blender with Travel Cup,80,$422.57,9
Sweet Potatoes,139,$428.28,8
Chicken Breasts,98,$198.28,2
Peanut Butter Chocolate Clusters,213,$310.59,36
Pepperoni Pizza Rolls,185,$141.94,30
Pork Tenderloin,10,$107.99,39
Aeropress Coffee Maker,220,$300.26,10
Ramen Noodle Soup Cups,223,$433.88,20
V-Neck Sweater,142,$323.81,32
Electric Pressure Washer,153,$144.57,43
Running Shorts,208,$396.03,5
Sriracha Sauce,105,$131.07,15
Portable Leaf Blower,94,$280.43,23
Adjustable Dog Harness,178,$143.10,27
Chocolate Dipped Fruit,21,$246.87,7
Maple Almond Yogurt,189,$382.20,44
Organic Fruit Salad,51,$234.87,26
Vegetable Spiralizer,19,$334.54,21
Mediterranean Olives,41,$137.28,45
Almond Coconut Granola,146,$448.32,36
Bamboo Utensil Set,39,$358.74,12
Cauliflower Crust Pizza,242,$72.59,37
Salsa,98,$53.38,25
Chocolate Mint Cookies,167,$285.11,26
Mushrooms,243,$83.47,39
Avocados,36,$202.72,21
Dried Apricots,26,$140.42,7
Karaoke Microphone,154,$212.45,37
Wireless Mouse,147,$446.63,13
Bamboo Cutting Board,88,$222.79,24
Pumpkin Seeds,149,$239.77,10
Lentil Pasta,154,$401.78,26
Yoga Blocks,43,$69.51,20
Self-Massaging Pillow,179,$282.12,39
Honey Mustard Sauce,230,$236.11,7
Zesty Garlic Hummus,173,$416.15,2
Walnut Halves,116,$442.41,12
Green Smoothie Mix,200,$178.10,34
Tennis Racket,49,$344.58,30
Pumpkin Pancake Mix,30,$329.04,48
Plant-Based Cookbook,97,$359.48,18
Inflatable Paddle Board,23,$395.40,46
Fashionable Belt Bag,68,$289.30,49
Spicy Tuna Rolls,23,$359.88,9
Portable Solar Phone Charger,70,$117.69,46
Savory Oatmeal Cups,43,$299.60,19
Carrot and Celery Sticks,101,$433.70,10
LED Christmas Tree Lights,204,$143.61,24
Teriyaki Chicken Bowl,218,$326.68,15
Folding Exercise Bike,137,$232.02,35
Mediterranean Chickpea Salad,174,$396.13,32
Laptop Sleeve,163,$350.70,29
Classic Beef Chili,144,$402.10,22
Car Vacuum Cleaner,17,$149.88,44
Smartphone Gimbal,107,$305.99,23
Biodegradable Trash Bags,10,$111.59,41
Frozen Mixed Vegetables,235,$387.46,45
Pesto Pasta Sauce,85,$211.22,3
Dark Chocolate Covered Raisins,85,$76.56,36
Portable Solar Generator,16,$121.58,25
Smart Plug,241,$211.80,15
Eco-Friendly Cleaning Cloths,120,$97.06,38
Chewy Granola Bars,132,$215.88,45
Sweet Potato & Kale Hash,88,$253.55,27
Baked Falafel Balls,159,$281.05,4
Hot Salsa,42,$252.21,28
Chic Ankle Strap Heels,231,$310.13,29
Educational STEM Kit,243,$142.82,28
Brazil Nuts,215,$106.13,44
Nail Polish Set,170,$220.62,30
Non-Stick Grill Mat,106,$88.11,22
Honey Graham Crackers,233,$98.11,11
Luxury Rolling Makeup Case,167,$348.60,5
Kids' Art Easel,30,$91.85,37
Personal Blender with Cups,231,$84.96,18
Electric Wine Opener,224,$159.20,15
Non-Stick Crepe Pan,5,$399.72,21
Adjustable Kitchen Broom Stand,202,$111.41,20
Fitness Smartwatch,47,$104.73,33
Spicy Salsa Verde,39,$59.15,34
Peach Preserves,17,$239.69,32
Saffron Rice Mix,39,$257.62,42
Over-Ear Headphones,249,$69.04,19
Watering Can with Nozzle,134,$88.19,50
Organic Almond Flour,105,$263.66,9
Sun-Dried Tomatoes,31,$270.34,18
Feta Cheese Crumbles,118,$430.98,43
Ready-to-Eat Chili,206,$310.25,44
Cinnamon Sugar Mix,161,$345.26,41
Set of Herb Garden Markers,182,$330.28,21
Portable Solar Path Lights,216,$64.20,12
Herbed Couscous,191,$294.44,34
Garlic and Herb Cream Cheese,60,$325.36,18
Bamboo Cotton Tank Top,31,$361.90,24
Potato Wedge Seasoning,48,$186.48,20
Plant Growing Kit,79,$382.09,6
Sliced Bread,151,$387.92,47
Video Camera,145,$387.82,36
Kale Salad with Lemon Dressing,26,$262.74,22
Honey,55,$317.38,7
Organic Whole Grain Oats,35,$207.22,39
Eco-Friendly Beeswax Wraps,159,$264.41,49
Microfiber Cleaning Cloths,194,$346.45,18
Fruit Infuser Water Bottle,234,$188.27,24
Turmeric Ginger Tea,232,$251.97,1
Underwater Camera,168,$190.95,42
USB Flash Drive,27,$193.88,27
Smoked Salmon,27,$113.48,44
Tuna Fish (canned),18,$61.94,42
Hibiscus Herbal Tea,7,$75.03,1
Kids' Art Easel,118,$439.87,12
Basmati Rice,39,$300.24,19
Tea Infuser,191,$220.52,17
Children's Garden Tool Set,246,$358.82,3
Instant Mashed Potatoes,223,$408.64,10
Compressed Towel Tablets,68,$433.21,10
Zesty Garlic Marinade,102,$423.04,10
Natural Peanut Butter,148,$381.69,18
Rolling Cooler,149,$139.17,49
Sweet Potatoes (organic),68,$350.39,21
Collapsible Pet Dog Bowl,26,$202.96,24
Electronic Drum Kit,96,$83.15,11
Spice Rack,234,$367.54,40
Cauliflower Pizza Crust,67,$319.79,18
High-Waisted Skirt,18,$79.31,19
Classic Bagels,54,$444.45,19
Lemon Pepper Seasoning,55,$336.24,33
Digital Camera,220,$361.49,24
Siphon Coffee Maker,135,$422.77,12
Compact Pop-Up Tent,168,$195.72,47
Spicy Roasted Nuts,55,$407.39,37
Water-Resistant Bluetooth Speaker,233,$122.77,16
Savory Breakfast Sausage,169,$153.72,4
Beet Salad,179,$393.69,36
Over-Ear Headphones,33,$273.40,36
Peach Green Tea,105,$438.43,46
Fruit and Nut Bars,241,$428.46,47
Cooking Utensil Set,131,$340.99,12
Italian Sausage and Peppers,205,$356.20,31
Compact Pop-Up Tent,145,$185.31,31
Trendy Bomber Jacket,132,$347.95,49
Adjustable Height Standing Desk Converter,223,$118.24,19
Frozen Mixed Vegetables,217,$84.51,47
Magic Color-Changing Mug,228,$113.59,2
Electric Heating Pad,121,$165.63,16
Wireless Smart Plug,227,$237.28,16
Pet Grooming Glove,222,$332.15,17
Personal Blender with Travel Lid,148,$131.95,38
Comfy Slippers,246,$414.01,47
Puff Pastry,26,$136.37,32
Coconut Cashew Yogurt,212,$421.08,47
Honey Ginger Tea,164,$380.38,4
Workstation Laptop Stand,229,$254.32,48
Buffalo Cauliflower Wings,135,$256.69,35
Classic Black Trousers,14,$427.96,24
Fitness Tracker Band,249,$400.66,39
Suction Cup Hooks,99,$59.00,11
Teriyaki Salmon Fillets,38,$189.36,13
Digital Wireless Meat Thermometer,142,$188.06,29
Pet Camera with Treat Dispenser,55,$320.11,12
Induction Cooktop,36,$161.39,35
Mediterranean Couscous,165,$136.94,48
Eco-Friendly Yoga Mat,6,$185.39,29
Luxury Memory Foam Mattress Topper,144,$256.74,35
Camping Chair with Cooler,74,$263.34,40
Fruit and Nut Medley,230,$296.95,38
Coconut Curry Sauce,119,$103.14,14
Waterproof Rain Boots,29,$187.38,46
Organic Cereal Bars,201,$431.70,47
Creamy Garlic Dressing,7,$191.46,9
Organic Quinoa Salad,177,$72.38,22
Pumpkin Ice Cream,124,$180.39,36
Shredded Cheese,103,$231.28,35
Sriracha Sauce,134,$50.23,10
Chic Ankle Strap Heels,136,$100.92,27
Inspirational Wall Art,244,$56.81,5
Comfort Flats,6,$291.52,5
Sliced Avocado,36,$240.24,15
Electric Griddle with Removable Plates,192,$68.99,29
Bicycle Repair Kit,60,$121.06,30
Wall Art Stickers,153,$62.48,12
Animal Paw Print Soap Dispenser,105,$95.66,40
Mini Fondue Set,229,$86.25,1
Pecan Pie Filling,250,$318.34,1
Protein Pancake Mix,250,$374.37,44
Whole Grain Mustard,216,$377.44,33
Electric Griddle with Lid,241,$247.71,40
Spicy Garlic Edamame,146,$148.84,25
Inflatable Paddle Board,179,$292.55,44
Solar Power Bank,106,$339.56,40
Pumpkin Spice Creamer,139,$150.16,40
Ankle Boots,91,$95.20,19
V-Neck Sweater,243,$87.25,40
Dog Frisbee Toy,60,$433.71,48
Memory Foam Mattress Topper,26,$91.60,12
Vegan Mac & Cheese,139,$410.06,17
Sports Windbreaker,62,$440.18,1
Tomato Paste,238,$305.22,49
Basil Pesto Pasta,179,$177.32,4
Portable Camping Stove,231,$449.22,20
Potato Wedge Seasoning,134,$315.90,13
Memory Foam Pillow,146,$430.34,24
Antique Style Clock,106,$298.22,3
Fleece Throw Blanket,7,$325.75,37
Oven Mitts with Pocket,180,$239.00,14
Cinnamon Raisin Bread,77,$172.53,37
Chicken Fajita Kit,37,$443.92,33
Creamy Spinach Dip,62,$183.51,21
Pumpkin Seeds,171,$193.04,20
Pasta (Fusilli),70,$185.65,33
Over-the-Door Shoe Organizer,226,$221.33,48
Electric Screwdriver,109,$305.52,17
Dark Chocolate Almond Butter Cups,160,$340.79,36
LED Strip Lights Kit,200,$194.27,42
Smart Water Bottle,85,$361.72,44
Italian Sausage and Peppers,13,$65.55,29
Garlic Parmesan Wings,72,$310.24,41
Ice Cream Scoop,107,$433.77,12
Frozen Broccoli,114,$74.93,9
Sliced Strawberries,182,$440.34,10
Ceramic Knife Set,158,$429.28,27
Wooden Toy Train Set,49,$115.36,37
Popcorn Chicken,194,$198.83,30
Herb Garden Planter Box,38,$286.51,31
Travel Eye Mask with Ear Plugs,206,$297.98,34
Travel Pillow,178,$61.62,29
Frozen Spinach,124,$376.06,25
Sour Cream,211,$160.88,25
Organic Vanilla Bean Ice Cream,169,$117.38,22
Inflatable Pool Float,229,$222.19,10
Pleated Midi Dress,247,$316.72,25
Pocket Blanket,111,$74.18,42
Wall Decals for Kids,67,$423.64,43
Almond Flour Biscuits,27,$262.57,1
Sweet Cherry Tomatoes,160,$180.31,36
Whole Roasted Chicken,35,$353.55,31
Spinach Artichoke Dip,177,$309.39,25
Plant-Based Cookbook,72,$302.34,36
Flavored Rice Cakes,60,$154.11,50
Infrared Space Heater,135,$355.24,16
Avocado Oil,23,$76.93,50
Fashionable Belt Bag,72,$215.96,22
Radish Chips,113,$401.24,15
Portable Camping Stove,79,$329.71,27
Spinach and Cheese Stuffed Shells,23,$264.66,1
Vegetarian Stuffed Peppers,169,$81.01,45
Herbed Mushroom Risotto,41,$81.77,23
Magnetic Whiteboard,173,$180.55,31
Spinach and Ricotta Ravioli,186,$206.54,8
DIY Candle Making Kit,69,$75.16,6
Electric Wax Warmer,55,$423.07,24
Dog Collar,187,$223.84,20
Magnetic Spice Jars,30,$209.74,25
Mini Pretzels,97,$409.73,18
Portable UV Sterilizer,92,$287.84,22
Two-Tone Windbreaker,35,$440.82,12
Wireless Gaming Mouse,223,$242.22,17
Almond Butter Cups,84,$185.82,36
Classic Leather Wallet,133,$79.41,46
Multi-Layer Food Steamer,91,$263.73,48
Smartphone Tripod with Bluetooth Remote,240,$169.18,6
Coconut Curry Lentil Soup,238,$134.16,32
Peanut Butter Protein Balls,117,$251.21,14
Lentil Vegetable Curry,101,$223.88,17
Samsung Galaxy Smartwatch,75,$113.44,49
Classic Watch,76,$70.61,23
Microfiber Cleaning Cloths,211,$89.87,35
Digital Kitchen Timer,81,$227.05,44
Pumpkin Spice Granola,43,$74.45,35
Over-the-Door Hooks,204,$201.67,33
Dried Mango Slices,236,$150.24,27
Electric Food Slicer,28,$241.61,47
Comfy Slippers,145,$432.34,49
Cinnamon Rolls,39,$339.13,12
Action Camera,236,$151.74,22
Electric Ice Cream Maker,242,$286.65,43
Portable Solar Charger,197,$104.32,13
Mayonnaise,1,$428.88,45
Thai Basil Fried Rice,147,$56.59,10
Mini Indoor Hydroponic Garden,233,$120.47,26
Homestyle Chicken Noodle Soup,51,$104.39,27
Jennifer's Amazing Lip Balm Kit,233,$362.10,43
Savory Italian Herbs,169,$443.56,46
Savory Rice Cakes,48,$91.87,49
Vegetarian Stuffed Peppers,70,$394.01,1
Pistachios,243,$100.25,31
Caramel Sauce,217,$206.80,4
Toilet Paper (12 rolls),210,$170.95,45
Mediterranean Couscous Salad,50,$246.69,49
Sesame Garlic Noodles,55,$393.46,34
Portable Solar Charger,147,$315.25,45
Portable Hammock Swing,247,$207.09,1
Sporty Leggings,194,$386.45,45
Smart Wi-Fi Camera,187,$391.29,17
Portable Bluetooth Keyboard,216,$303.51,25
Portable Solar Generator,102,$324.67,7
Sea Salt Caramel Popcorn,110,$259.93,49
Mini Cordless Vacuum Cleaner,174,$383.03,36
Quinoa & Black Bean Salad,138,$371.57,23
Overnight Duffle Bag,249,$114.11,24
Sliced Bell Peppers,113,$250.27,7
Stainless Steel Grater,139,$191.85,7
Self-Stirring Mug,211,$203.28,10
Bamboo Utensil Holder,59,$327.24,38
Screen Cleaning Kit,101,$370.75,47
Rechargeable Electric Screwdriver,218,$126.83,12
Pet Hair Removal Roller,248,$333.73,38
Crew Neck Sweater,145,$217.18,38
Kale & Quinoa Salad Mix,152,$343.07,34
Home Cleaning Robot,154,$273.91,38
Non-Stick Grill Pan,115,$88.28,23
Pumpkin Seeds,60,$312.42,27
Homestyle Beef Stew,70,$64.68,27
Chili Con Carne Mix,64,$217.68,31
Bamboo Cutting Board,249,$75.38,48
Silicone Baking Cups,110,$423.87,18
Chocolate Fudge Ice Cream,234,$147.50,30
Outdoor Camping Hammock,51,$115.31,27
Balsamic Fig Dressing,113,$447.61,30
Solar Power Bank,106,$188.56,40
Air Purifier,211,$351.66,8
Hot Dog Buns,176,$209.19,30
Weighted Jump Rope with Counter,151,$413.37,46
Frozen Edamame,27,$382.82,10
Cauliflower Rice Stir-Fry,91,$329.65,21
Margherita Pizza,119,$121.40,3
Knitted Infinity Scarf,33,$60.40,2
Canvas Tote Bag,11,$234.29,46
Vegetable Sushi Rolls,247,$386.32,11
Mini Indoor Hydroponic Garden,87,$152.02,44
Chili Con Carne Mix,19,$415.72,50
Inflatable Party Cooler,37,$132.87,40
