name_contact_person,name_company,email,phone_number,address
Waldon Coulson,Conn and Sons,wcoulson0@eventbrite.com,847-530-7644,3RD FLOOR
Rochette Elkin,Crona Inc,relkin1@dyndns.org,626-981-8993,4140 EAST STATE STREET
Emerson Worvill,Bahringer Group,eworvill2@tmall.com,882-358-1136,Taunusanlage 12
Isa Grigoli,Koepp-Pacocha,igrigoli3@last.fm,989-641-5479,"CL TERCIA, 49"
Nollie Avraam,Auer and Sons,navraam4@nhs.uk,804-657-2298,923 W. MAIN ST
Lezley Membry,Kemmer Group,lmembry5@netscape.com,440-324-1497,P O BOX 70
Hal McRorie,Windler Group,hmcrorie6@google.com.hk,441-389-7137,16 BOULEVARD DES ITALIENS
Shoshanna Marcinkowski,Luettgen Inc,smarcinkowski7@ning.com,886-715-5003,3RD FLOOR
Lenore Boice,Aufderhar LLC,lboice8@fema.gov,407-440-3223,PO BOX 709
Brandie Duffie,Gerhold-Sawayn,bduffie9@omniture.com,733-818-5892,Kaiserstraße 16 (Kaiserplatz)
Twila Rivelin,Schiller-Gottlieb,trivelina@bloglines.com,148-639-9401,"Bahnhofstraße, 2"
Jamison Axel,Skiles-King,jaxelb@forbes.com,425-989-3812,SUITE 1500
Alfy Rebanks,Keeling Inc,arebanksc@addtoany.com,123-925-8117,10430 HIGHLAND MANOR DRIVE
Nathalia Fawley,"Bartell, Fadel and Schroeder",nfawleyd@is.gd,279-273-7283,111 SILVAN AVENUE
Travers Polak,Reichel Group,tpolake@deviantart.com,515-276-7669,Friedrichswall 10
Freddie Clere,Von and Sons,fcleref@google.pl,417-381-9644,MAC N9301-041
Biddy Dongate,"Welch, Beatty and Vandervort",bdongateg@desdev.cn,302-900-5936,SUITE 330
Tedd Job,Marvin Inc,tjobh@topsy.com,970-371-6151,233 BEDFORD WAY
Berky La Torre,Miller Group,blai@businessinsider.com,639-781-2099,MC: 10-6438-AH5
Pippo Backe,Walsh-Blanda,pbackej@businessinsider.com,369-408-5016,ATTN: ACH DESK LOC:01-5138
Myca Toffel,"Bosco, Zboncak and Yundt",mtoffelk@photobucket.com,430-767-7176,3200 WILSHIRE BOULEVARD
Linnell Ackers,"Osinski, Will and Weimann",lackersl@webeden.co.uk,988-720-3373,Leipziger Straße 4
Johnathon De Goey,O'Reilly-Jacobi,jdem@alexa.com,942-678-5900,Bahnhofstraße 13
Verla Houchin,Schumm and Sons,vhouchinn@bluehost.com,609-419-4917,PO BOX 85929
Rubin Vautier,Larkin-O'Hara,rvautiero@etsy.com,292-643-0966,P.O. BOX 85139
Mickie Madrell,"Hudson, McCullough and Waelchi",mmadrellp@wikipedia.org,644-915-3168,Rathausplatz 2
Nicky Redwall,West LLC,nredwallq@jigsy.com,573-948-2038,5306 BROWN ST.
Steffi Messam,Hermiston Inc,smessamr@nbcnews.com,976-542-7042,PIAZZA FILIPPO MEDA 4
Hatti Butt Gow,"Runolfsdottir, Rau and Hahn",hbutts@about.me,930-585-5988,200 W CONGRESS ST
Antons Bowdidge,"Johnston, Stoltenberg and Welch",abowdidget@bloomberg.com,326-502-1719,Professor-Bier-Straße 18
Ches Scanlin,Strosin and Sons,cscanlinu@springer.com,782-312-8817,VA2-430-01-01
Patrice Davisson,Deckow-Hagenes,pdavissonv@histats.com,997-422-8811,2001 N TRENTON ST
Bobinette Ronci,Berge-MacGyver,bronciw@nps.gov,258-131-7795,"Halbenrainer Straße, 2"
Lotte Onraet,"Renner, Collier and Schmeler",lonraetx@weebly.com,337-504-9731,200 MOOREHEAD AVE
Silvester Perell,"Rempel, Christiansen and Kuphal",sperelly@about.me,971-430-4535,PIAZZA FILIPPO MEDA 4
Lalo Golder,Bogisich-Ankunding,lgolderz@cafepress.com,957-774-4981,Bismarckstraße 102
Thatch Verdun,Abbott Inc,tverdun10@cyberchimps.com,936-916-2461,"Hoveniersstraat, 29"
Dannel Hansemann,"Gerlach, Bednar and Nitzsche",dhansemann11@fema.gov,509-673-2327,20544 HUSKER DR
Adham Gantlett,"Moore, Steuber and Runolfsson",agantlett12@netlog.com,267-364-6006,P7-PFSC-03-H
Nickolas Goodyear,Nader and Sons,ngoodyear13@csmonitor.com,926-240-1855,"Marktplatz, 11"
Johnathan Christoffersen,Nienow LLC,jchristoffersen14@msn.com,444-178-1464,"Bahnstraße, 3"
Courtney Goldring,Grady Group,cgoldring15@ifeng.com,435-383-6375,Bijlmerdreef 106
Georgetta Kubelka,Carroll and Sons,gkubelka16@rakuten.co.jp,151-300-8411,P7-PFSC-03-H
Merrilee Woolner,"Effertz, Lind and D'Amore",mwoolner17@storify.com,529-523-9082,7 EASTON OVAL
Yolane Ayce,Heathcote-Stokes,yayce18@elpais.com,330-555-8835,P.O. BOX 291
Dulcea Coke,Wintheiser Inc,dcoke19@wordpress.org,849-589-0426,Roßmarkt 10
Lief Fairbrother,Osinski and Sons,lfairbrother1a@rediff.com,222-775-6630,III. Hagen 43
Tracy Reye,Ullrich-Farrell,treye1b@ask.com,543-876-3764,Gerichtsstraße 1
Norah Laird,"Schowalter, Kerluke and Muller",nlaird1c@myspace.com,688-669-4440,STE B
Carol Harryman,Windler-Powlowski,charryman1d@vistaprint.com,598-119-3300,EP-MN-WN1A
